feature,importance
numeric__customer_success_rate,0.0626964971186735
numeric__account_age_days,0.0474308073317224
numeric__amount_to_avg_order_ratio,0.04562627548679309
numeric__customer_refund_rate,0.0444211266661165
numeric__average_order_value,0.04301681111287291
numeric__successful_transactions,0.042320915931904735
numeric__amount,0.0420229724205758
numeric__previous_transactions,0.03854086654058304
numeric__product_value,0.03708743556783785
numeric__customer_chargeback_rate,0.03242036406730906
numeric__transaction_day_of_week,0.027226114156122437
numeric__known_devices,0.023941956639798534
categorical__ip_country_IN,0.023132467153329377
numeric__previous_refunds,0.021827796837891978
categorical__authentication_status_failed,0.02031724263333309
categorical__authentication_status_success,0.02005762281989562
numeric__previous_chargebacks,0.01825752829010179
categorical__product_category_home,0.017466166608122082
categorical__product_category_beauty,0.013693425643098816
categorical__payment_method_wallet,0.012958440644764651
categorical__device_id_DEV_00062,0.01216309042727166
categorical__device_id_DEV_00064,0.00966160259695812
categorical__ip_country_GB,0.009594339980479446
categorical__payment_method_card,0.008730344813702141
categorical__ip_country_AE,0.008728713550299375
numeric__is_weekend,0.008550022895846927
categorical__ip_country_US,0.008488824322975675
categorical__device_id_DEV_01518,0.008059281776720979
categorical__product_category_software,0.007924892408886369
categorical__payment_method_netbanking,0.00757822173257725
categorical__device_id_DEV_01890,0.006779711911670478
categorical__product_category_grocery,0.006487228132001109
categorical__device_id_DEV_00707,0.006347204762336194
categorical__device_id_DEV_02664,0.005753101178252158
categorical__device_id_DEV_02301,0.005023640333903656
categorical__payment_method_upi,0.0049695158263920935
categorical__ip_country_SG,0.004900499636291081
categorical__device_id_DEV_02534,0.004886194861210539
categorical__device_id_DEV_02479,0.004796561193430912
categorical__product_category_fashion,0.004790655962104458
categorical__device_id_DEV_00172,0.0047592978509932715
categorical__device_id_DEV_01399,0.004714152527329397
categorical__device_id_DEV_01927,0.0046201268604030956
categorical__device_id_DEV_02574,0.004619533300344711
categorical__device_id_DEV_00344,0.004329635570753898
categorical__device_id_DEV_02042,0.0042576934425367545
categorical__device_id_DEV_01150,0.004105498085193969
categorical__device_id_DEV_01039,0.004081285538418091
categorical__device_id_DEV_00631,0.0040561826776409375
categorical__device_id_DEV_01939,0.004048664120683463
categorical__device_id_DEV_02332,0.0038460767826688407
categorical__device_id_DEV_01157,0.003775909839654169
categorical__device_id_DEV_00664,0.0037588246081023844
categorical__device_id_DEV_02494,0.003728072605915648
categorical__device_id_DEV_00803,0.003546099290780142
categorical__device_id_DEV_01594,0.003546099290780142
categorical__product_category_travel,0.0034946749752428068
categorical__device_id_DEV_01563,0.0032303369460216797
categorical__device_id_DEV_01021,0.0031996643008703886
categorical__device_id_DEV_01629,0.003036028383613696
categorical__device_id_DEV_00205,0.0027470628321649227
categorical__device_id_DEV_01991,0.0027397862765171327
categorical__device_id_DEV_01272,0.0027313995275889858
categorical__device_id_DEV_00861,0.0026335718082277295
numeric__has_previous_chargeback,0.002523958024364741
categorical__device_id_DEV_01503,0.0024862609838818394
categorical__device_id_DEV_02961,0.002471076224879827
categorical__device_id_DEV_01811,0.002464855343387924
categorical__product_category_electronics,0.0024576390904781672
categorical__device_id_DEV_02313,0.002361989958626689
categorical__device_id_DEV_01742,0.00235408262336293
categorical__device_id_DEV_02710,0.002306069257923949
categorical__device_id_DEV_02796,0.002299730375843616
categorical__device_id_DEV_02696,0.0022956129956558198
categorical__device_id_DEV_01064,0.0022480356090911037
categorical__device_id_DEV_01048,0.002125528718609744
categorical__device_id_DEV_00187,0.0020863441298438496
categorical__device_id_DEV_01347,0.0020526620465015433
categorical__device_id_DEV_02167,0.0019509232572614747
categorical__device_id_DEV_02427,0.0019494606410370699
categorical__device_id_DEV_00933,0.001925424616171224
categorical__device_id_DEV_00061,0.0018896315314682038
categorical__device_id_DEV_02901,0.001882547656633601
categorical__device_id_DEV_00699,0.001845078699737263
categorical__device_id_DEV_02818,0.001600879538239172
categorical__device_id_DEV_02432,0.0015174556386806186
categorical__device_id_DEV_01942,0.0015067475004215268
categorical__device_id_DEV_02658,0.0014562072944031951
categorical__device_id_DEV_01396,0.0014064865313661138
categorical__device_id_DEV_01638,0.0013656596540943095
categorical__device_id_DEV_01156,0.0013501906554124318
categorical__device_id_DEV_01838,0.0013252616537236894
categorical__device_id_DEV_00545,0.0012596058352289576
categorical__device_id_DEV_02717,0.0011842128227976814
categorical__device_id_DEV_02975,0.0011479217542345007
categorical__device_id_DEV_01541,0.001124346143708114
categorical__device_id_DEV_00835,0.0010615154260877045
categorical__device_id_DEV_00448,0.001060357733372542
categorical__device_id_DEV_00293,0.0010241837480417112
categorical__device_id_DEV_01859,0.0009821380811822534
categorical__device_id_DEV_01620,0.0009611224222502127
categorical__device_id_DEV_02601,0.0009470913722163152
categorical__device_id_DEV_02430,0.0009237139648529173
categorical__device_id_DEV_01180,0.0009207713622802445
categorical__device_id_DEV_00075,0.0009090952059921948
categorical__device_id_DEV_00067,0.0008940362126084237
categorical__device_id_DEV_00926,0.00088815028181849
categorical__device_id_DEV_00105,0.0008879432901211663
categorical__device_id_DEV_02208,0.0008628549805434153
categorical__device_id_DEV_00710,0.0008458259719576046
categorical__device_id_DEV_01511,0.0008403578917602728
categorical__device_id_DEV_01662,0.0007646673852767054
categorical__device_id_DEV_00436,0.0007433063984440585
categorical__device_id_DEV_01040,0.000738460033077495
categorical__device_id_DEV_01356,0.0007282474771798283
categorical__device_id_DEV_02974,0.0007171447026938688
categorical__device_id_DEV_01226,0.0007056693158943042
categorical__device_id_DEV_00700,0.0006798875893048657
categorical__device_id_DEV_01290,0.0006708169463721688
categorical__device_id_DEV_02196,0.0006701513784266092
categorical__device_id_DEV_02410,0.0006691074873484845
categorical__device_id_DEV_00043,0.0006642848931192343
categorical__device_id_DEV_02688,0.0006509664392828367
categorical__device_id_DEV_00479,0.0006457569540015614
categorical__device_id_DEV_01103,0.0006329837694892731
categorical__device_id_DEV_01108,0.0006139416816801267
categorical__device_id_DEV_00049,0.0006053076487803884
categorical__device_id_DEV_00985,0.0006041926363771948
categorical__device_id_DEV_01223,0.0006012630864469747
categorical__device_id_DEV_02377,0.0005961653280890625
categorical__device_id_DEV_00804,0.0005898082465342481
categorical__device_id_DEV_01964,0.0005857814963446679
categorical__device_id_DEV_02848,0.0005770260667015149
categorical__device_id_DEV_00518,0.0005762043391177978
categorical__device_id_DEV_01255,0.0005666855752278075
categorical__device_id_DEV_01788,0.0005621854443580862
categorical__device_id_DEV_01026,0.000552611241537492
categorical__device_id_DEV_00053,0.0005512156007462425
categorical__device_id_DEV_01900,0.0005409858759375107
categorical__device_id_DEV_01737,0.0005312458534615377
categorical__device_id_DEV_00457,0.0005218247488033814
categorical__device_id_DEV_00865,0.0005182928514650441
categorical__device_id_DEV_02175,0.0004998426274538415
categorical__device_id_DEV_01480,0.0004989492873046252
categorical__device_id_DEV_00461,0.0004984930730442666
categorical__device_id_DEV_00911,0.0004979685850260094
categorical__device_id_DEV_00328,0.0004794792211825166
categorical__device_id_DEV_02557,0.00047735549637574693
categorical__device_id_DEV_00009,0.000468212908759094
categorical__device_id_DEV_01307,0.00046545741075355396
categorical__device_id_DEV_02837,0.0004614700328433822
categorical__device_id_DEV_02094,0.0004595778787501781
categorical__device_id_DEV_02862,0.0004559559291014717
categorical__device_id_DEV_00360,0.0004558131302638955
categorical__device_id_DEV_02634,0.00045537970587565757
categorical__device_id_DEV_02830,0.00045321244679100744
categorical__device_id_DEV_01987,0.00044609392361979875
categorical__device_id_DEV_00388,0.00044187295776922987
categorical__device_id_DEV_02115,0.000439996273511705
categorical__device_id_DEV_00745,0.00043999247565362326
categorical__device_id_DEV_02031,0.0004327176963705364
categorical__device_id_DEV_02307,0.0004304296725694707
categorical__device_id_DEV_00059,0.0004303751747183834
categorical__device_id_DEV_02129,0.000429736901136631
categorical__device_id_DEV_00493,0.00042615780731215363
categorical__device_id_DEV_02160,0.00041556099659255624
categorical__device_id_DEV_01966,0.00041521741247652506
categorical__device_id_DEV_00871,0.00040881182129605317
categorical__device_id_DEV_00559,0.00040443329899659994
categorical__device_id_DEV_02530,0.00040404294814543046
categorical__device_id_DEV_00180,0.0004031214592811213
categorical__device_id_DEV_01701,0.00039787816427010024
categorical__device_id_DEV_01741,0.0003964681311493792
categorical__device_id_DEV_01641,0.0003887794348848862
categorical__device_id_DEV_00976,0.0003860368750114426
categorical__device_id_DEV_01506,0.0003852868488689329
categorical__device_id_DEV_02845,0.0003850589907716096
categorical__device_id_DEV_02325,0.00038365849236927463
categorical__device_id_DEV_00071,0.0003829654192935854
categorical__device_id_DEV_00996,0.0003679305096411952
categorical__device_id_DEV_01589,0.00036784241047989926
categorical__device_id_DEV_02724,0.0003628921350122446
categorical__device_id_DEV_02368,0.00035917948663838107
categorical__device_id_DEV_01786,0.0003580474526262037
categorical__device_id_DEV_02869,0.00035017120383897145
categorical__device_id_DEV_02820,0.0003439644583042272
categorical__device_id_DEV_02316,0.0003439224665246332
categorical__device_id_DEV_00041,0.0003290551945839819
categorical__device_id_DEV_02086,0.00032778137337354185
categorical__device_id_DEV_02996,0.0003277386276192912
categorical__device_id_DEV_01540,0.000324406668195932
categorical__device_id_DEV_00410,0.0003228277575816824
categorical__device_id_DEV_01607,0.0003166443888340747
categorical__device_id_DEV_00863,0.00030932484775635875
categorical__device_id_DEV_00160,0.00030546004366838495
categorical__device_id_DEV_02028,0.0002975818972330348
categorical__device_id_DEV_00470,0.0002922083883992331
categorical__device_id_DEV_00094,0.00029126234436099044
categorical__device_id_DEV_02343,0.0002891019726932142
categorical__device_id_DEV_02738,0.0002879051643127718
categorical__device_id_DEV_00898,0.0002871105268070696
categorical__device_id_DEV_02460,0.000272144142547942
categorical__device_id_DEV_01595,0.000271379509879441
categorical__device_id_DEV_00246,0.00026713595060812807
categorical__device_id_DEV_00352,0.00026522190064957586
categorical__device_id_DEV_00018,0.0002621735014809525
categorical__device_id_DEV_00962,0.0002585768304956372
categorical__device_id_DEV_00513,0.00025782926037156844
categorical__device_id_DEV_02010,0.00025314611071500524
categorical__device_id_DEV_02358,0.000245005747760195
categorical__device_id_DEV_02582,0.0002443416755337558
categorical__device_id_DEV_00937,0.00023929990937613947
categorical__device_id_DEV_00904,0.00023534454562765156
categorical__device_id_DEV_02762,0.00023324073562030342
categorical__device_id_DEV_02375,0.0002308489917002996
categorical__device_id_DEV_01412,0.00023002582447635697
categorical__device_id_DEV_00316,0.0002293897778288701
categorical__device_id_DEV_00875,0.0002276580111132027
categorical__device_id_DEV_01312,0.00022639998925161157
categorical__device_id_DEV_00412,0.00022521094449671743
categorical__device_id_DEV_01554,0.00022449699691439972
categorical__device_id_DEV_00814,0.00022439030101205159
categorical__device_id_DEV_00598,0.00022193655790520833
categorical__device_id_DEV_00626,0.00021368330177910306
categorical__device_id_DEV_02979,0.00021355544991045718
categorical__device_id_DEV_01321,0.000212036495657572
categorical__device_id_DEV_00173,0.00021178549200584243
categorical__device_id_DEV_01429,0.0002076193578744621
categorical__device_id_DEV_00774,0.0002068803175185668
categorical__device_id_DEV_01932,0.0002053140472127731
categorical__device_id_DEV_02802,0.00020491944926651109
categorical__device_id_DEV_01250,0.00020291224094988819
categorical__device_id_DEV_00982,0.00019906274285798708
categorical__device_id_DEV_00426,0.00019683496583903528
categorical__device_id_DEV_01076,0.00019300825920978674
categorical__device_id_DEV_00735,0.0001916403457993728
categorical__device_id_DEV_01756,0.00019060213187999046
categorical__device_id_DEV_00907,0.00018812465370674416
categorical__device_id_DEV_01680,0.00018585095144093167
categorical__device_id_DEV_00370,0.00018498396609144504
categorical__device_id_DEV_00086,0.00017481571578093993
categorical__device_id_DEV_00916,0.00017065522679321601
categorical__device_id_DEV_02854,0.000157606172067598
categorical__device_id_DEV_02609,0.00015083220979224347
categorical__device_id_DEV_01950,0.00014658428978082355
categorical__device_id_DEV_01968,0.00014226724100806055
categorical__device_id_DEV_00714,0.00014121483532438442
categorical__device_id_DEV_02128,0.0001393157322942689
categorical__device_id_DEV_00533,0.00013760252707895214
categorical__device_id_DEV_00581,0.0001349476949920253
categorical__device_id_DEV_01350,0.00013480252214063154
categorical__device_id_DEV_01323,0.0001326989486715704
categorical__device_id_DEV_02118,0.00013261534560573274
categorical__device_id_DEV_01126,0.00013199198778156572
categorical__device_id_DEV_01432,0.0001286312974267031
categorical__device_id_DEV_00276,0.00012822713173413433
categorical__device_id_DEV_01340,0.00012740398029443563
categorical__device_id_DEV_02133,0.00012684209850908246
categorical__device_id_DEV_01158,0.00012441255967790164
categorical__device_id_DEV_02930,0.00012308325128885256
categorical__device_id_DEV_02067,0.00012164004741769334
categorical__device_id_DEV_02449,0.00012015518497901957
categorical__device_id_DEV_01069,0.0001156508321147458
categorical__device_id_DEV_00459,0.00011399734325176281
categorical__device_id_DEV_02289,0.0001122459105491082
categorical__device_id_DEV_00214,0.0001104674111135138
categorical__device_id_DEV_01797,0.00010974543287469151
categorical__device_id_DEV_01384,0.00010912919986139618
categorical__device_id_DEV_00393,0.00010554703250247265
categorical__device_id_DEV_01141,0.00010538871195367334
categorical__device_id_DEV_00104,0.00010092373022089575
categorical__device_id_DEV_00037,9.51114413182196e-05
categorical__device_id_DEV_00920,8.662007444183405e-05
categorical__device_id_DEV_00762,8.633146307831812e-05
categorical__device_id_DEV_01445,8.535460955261716e-05
categorical__device_id_DEV_00161,8.505573346870795e-05
categorical__device_id_DEV_00087,8.250612100436665e-05
categorical__device_id_DEV_00698,8.099604928259407e-05
categorical__device_id_DEV_02489,7.90962603756333e-05
categorical__device_id_DEV_00349,7.828636103969828e-05
categorical__device_id_DEV_01022,7.732345568694676e-05
categorical__device_id_DEV_00021,7.634662134302143e-05
categorical__device_id_DEV_02944,6.838302834774668e-05
categorical__device_id_DEV_00608,6.836555063137483e-05
categorical__device_id_DEV_02532,6.796462490730926e-05
categorical__device_id_DEV_02216,6.132099145125908e-05
categorical__device_id_DEV_00242,6.0258284736403426e-05
categorical__device_id_DEV_02998,5.920797668314675e-05
categorical__device_id_DEV_01095,5.878875429987503e-05
categorical__device_id_DEV_02576,5.66201386417182e-05
categorical__device_id_DEV_00829,5.623773627973644e-05
categorical__device_id_DEV_01044,5.1165307354372864e-05
categorical__device_id_DEV_00579,4.8239173652668725e-05
categorical__device_id_DEV_00805,4.781445151636199e-05
categorical__device_id_DEV_01359,4.575580037744349e-05
categorical__device_id_DEV_01214,4.318644636257849e-05
categorical__device_id_DEV_01004,4.196945609784786e-05
categorical__device_id_DEV_00378,3.539021242303579e-05
categorical__device_id_DEV_01495,3.3522401278618226e-05
categorical__device_id_DEV_01313,3.0131390464373237e-05
categorical__device_id_DEV_02823,2.591147783326262e-05
categorical__device_id_DEV_00396,2.31519247443469e-05
categorical__device_id_DEV_02471,2.2923127671045862e-05
categorical__device_id_DEV_01182,2.182570246505733e-05
categorical__device_id_DEV_02691,2.136703423565283e-05
categorical__device_id_DEV_00741,1.8864381752637034e-05
categorical__device_id_DEV_00684,1.855906427353712e-05
categorical__device_id_DEV_00526,1.853139310882334e-05
categorical__device_id_DEV_00032,1.3100457428921955e-05
categorical__device_id_DEV_02451,1.2277278548561308e-05
categorical__device_id_DEV_01734,1.1890323848616765e-05
categorical__device_id_DEV_02138,1.1408411175508917e-05
categorical__device_id_DEV_01617,5.618017599949176e-06
categorical__device_id_DEV_01097,3.2597178821890664e-06
categorical__device_id_DEV_02584,2.7419772956710408e-06
categorical__device_id_DEV_00662,1.6301137625755398e-06
categorical__device_id_DEV_02125,4.1207320539448213e-07
categorical__device_id_DEV_01090,7.075363921958419e-08
categorical__device_id_DEV_00529,4.09758232780238e-08
categorical__device_id_DEV_00228,0.0
categorical__device_id_DEV_00229,0.0
categorical__device_id_DEV_00233,0.0
categorical__device_id_DEV_00236,0.0
categorical__device_id_DEV_00238,0.0
categorical__device_id_DEV_00239,0.0
categorical__device_id_DEV_00240,0.0
categorical__device_id_DEV_00241,0.0
categorical__device_id_DEV_00243,0.0
categorical__device_id_DEV_00244,0.0
categorical__device_id_DEV_00245,0.0
categorical__device_id_DEV_00247,0.0
categorical__device_id_DEV_00249,0.0
categorical__device_id_DEV_00250,0.0
categorical__device_id_DEV_00251,0.0
categorical__device_id_DEV_00252,0.0
categorical__device_id_DEV_00253,0.0
categorical__device_id_DEV_00254,0.0
categorical__device_id_DEV_00256,0.0
categorical__device_id_DEV_00257,0.0
categorical__device_id_DEV_00258,0.0
categorical__device_id_DEV_00259,0.0
categorical__device_id_DEV_00260,0.0
categorical__device_id_DEV_00262,0.0
categorical__device_id_DEV_00263,0.0
categorical__device_id_DEV_00264,0.0
categorical__device_id_DEV_00265,0.0
categorical__device_id_DEV_00266,0.0
categorical__device_id_DEV_00268,0.0
categorical__device_id_DEV_00269,0.0
categorical__device_id_DEV_00271,0.0
categorical__device_id_DEV_00272,0.0
categorical__device_id_DEV_00273,0.0
categorical__device_id_DEV_00274,0.0
categorical__device_id_DEV_00275,0.0
categorical__device_id_DEV_00277,0.0
categorical__device_id_DEV_00279,0.0
categorical__device_id_DEV_00280,0.0
categorical__device_id_DEV_00282,0.0
categorical__device_id_DEV_00285,0.0
categorical__device_id_DEV_00289,0.0
categorical__device_id_DEV_00290,0.0
categorical__device_id_DEV_00294,0.0
categorical__device_id_DEV_00295,0.0
categorical__device_id_DEV_00296,0.0
categorical__device_id_DEV_00299,0.0
categorical__device_id_DEV_00300,0.0
categorical__device_id_DEV_00301,0.0
categorical__device_id_DEV_00302,0.0
categorical__device_id_DEV_00303,0.0
categorical__device_id_DEV_00304,0.0
categorical__device_id_DEV_00305,0.0
categorical__device_id_DEV_00307,0.0
categorical__device_id_DEV_00308,0.0
categorical__device_id_DEV_00309,0.0
categorical__device_id_DEV_00310,0.0
categorical__device_id_DEV_00312,0.0
categorical__device_id_DEV_00313,0.0
categorical__device_id_DEV_00314,0.0
categorical__device_id_DEV_00315,0.0
categorical__device_id_DEV_00317,0.0
categorical__device_id_DEV_00318,0.0
categorical__device_id_DEV_00319,0.0
categorical__device_id_DEV_00322,0.0
categorical__device_id_DEV_00323,0.0
categorical__device_id_DEV_00325,0.0
categorical__device_id_DEV_00326,0.0
categorical__device_id_DEV_00327,0.0
categorical__device_id_DEV_00329,0.0
categorical__device_id_DEV_00330,0.0
categorical__device_id_DEV_00331,0.0
categorical__device_id_DEV_00333,0.0
categorical__device_id_DEV_00337,0.0
categorical__device_id_DEV_00338,0.0
categorical__device_id_DEV_00339,0.0
categorical__device_id_DEV_00340,0.0
categorical__device_id_DEV_00341,0.0
categorical__device_id_DEV_00342,0.0
categorical__device_id_DEV_00343,0.0
categorical__device_id_DEV_00345,0.0
categorical__device_id_DEV_00348,0.0
categorical__device_id_DEV_00350,0.0
categorical__device_id_DEV_00353,0.0
categorical__device_id_DEV_00357,0.0
categorical__device_id_DEV_00359,0.0
categorical__device_id_DEV_00362,0.0
categorical__device_id_DEV_00363,0.0
categorical__device_id_DEV_00364,0.0
categorical__device_id_DEV_00365,0.0
categorical__device_id_DEV_00366,0.0
categorical__device_id_DEV_00368,0.0
categorical__device_id_DEV_00369,0.0
categorical__device_id_DEV_00371,0.0
categorical__device_id_DEV_00372,0.0
categorical__device_id_DEV_00373,0.0
categorical__device_id_DEV_00375,0.0
categorical__device_id_DEV_00376,0.0
categorical__device_id_DEV_00377,0.0
categorical__device_id_DEV_00379,0.0
categorical__device_id_DEV_00381,0.0
categorical__device_id_DEV_00382,0.0
categorical__device_id_DEV_00383,0.0
categorical__device_id_DEV_00384,0.0
categorical__device_id_DEV_00385,0.0
categorical__device_id_DEV_00386,0.0
categorical__device_id_DEV_00387,0.0
categorical__device_id_DEV_00389,0.0
categorical__device_id_DEV_00390,0.0
categorical__device_id_DEV_00391,0.0
categorical__device_id_DEV_00392,0.0
categorical__device_id_DEV_00394,0.0
categorical__device_id_DEV_00395,0.0
categorical__device_id_DEV_00397,0.0
categorical__device_id_DEV_00398,0.0
categorical__device_id_DEV_00399,0.0
categorical__device_id_DEV_00400,0.0
categorical__device_id_DEV_00401,0.0
categorical__device_id_DEV_00403,0.0
categorical__device_id_DEV_00406,0.0
categorical__device_id_DEV_00408,0.0
categorical__device_id_DEV_00409,0.0
categorical__device_id_DEV_00411,0.0
categorical__device_id_DEV_00414,0.0
categorical__device_id_DEV_00416,0.0
categorical__device_id_DEV_00417,0.0
categorical__device_id_DEV_00418,0.0
categorical__device_id_DEV_00419,0.0
categorical__device_id_DEV_00420,0.0
categorical__device_id_DEV_00421,0.0
categorical__device_id_DEV_00422,0.0
categorical__device_id_DEV_00423,0.0
categorical__device_id_DEV_00424,0.0
categorical__device_id_DEV_00425,0.0
categorical__device_id_DEV_00427,0.0
categorical__device_id_DEV_00428,0.0
categorical__device_id_DEV_00429,0.0
categorical__device_id_DEV_00430,0.0
categorical__device_id_DEV_00431,0.0
categorical__device_id_DEV_00432,0.0
categorical__device_id_DEV_00433,0.0
categorical__device_id_DEV_00434,0.0
categorical__device_id_DEV_00435,0.0
categorical__device_id_DEV_00437,0.0
categorical__device_id_DEV_00438,0.0
categorical__device_id_DEV_00439,0.0
categorical__device_id_DEV_00440,0.0
categorical__device_id_DEV_00441,0.0
categorical__device_id_DEV_00442,0.0
categorical__device_id_DEV_00443,0.0
categorical__device_id_DEV_00444,0.0
categorical__device_id_DEV_00446,0.0
categorical__device_id_DEV_00449,0.0
categorical__device_id_DEV_00450,0.0
categorical__device_id_DEV_00451,0.0
categorical__device_id_DEV_00452,0.0
categorical__device_id_DEV_00454,0.0
categorical__device_id_DEV_00455,0.0
categorical__device_id_DEV_00456,0.0
categorical__device_id_DEV_00460,0.0
categorical__device_id_DEV_00462,0.0
categorical__device_id_DEV_00463,0.0
categorical__device_id_DEV_00464,0.0
categorical__device_id_DEV_00465,0.0
categorical__device_id_DEV_00466,0.0
categorical__device_id_DEV_00467,0.0
categorical__device_id_DEV_00468,0.0
categorical__device_id_DEV_00469,0.0
categorical__device_id_DEV_00471,0.0
categorical__device_id_DEV_00472,0.0
categorical__device_id_DEV_00476,0.0
categorical__device_id_DEV_00477,0.0
categorical__device_id_DEV_00478,0.0
categorical__device_id_DEV_00482,0.0
categorical__device_id_DEV_00483,0.0
categorical__device_id_DEV_00484,0.0
categorical__device_id_DEV_00486,0.0
categorical__device_id_DEV_00488,0.0
categorical__device_id_DEV_00489,0.0
categorical__device_id_DEV_00492,0.0
categorical__device_id_DEV_00496,0.0
categorical__device_id_DEV_00497,0.0
categorical__device_id_DEV_00499,0.0
categorical__device_id_DEV_00501,0.0
categorical__device_id_DEV_00502,0.0
categorical__device_id_DEV_00505,0.0
categorical__device_id_DEV_00506,0.0
categorical__device_id_DEV_00507,0.0
categorical__device_id_DEV_00508,0.0
categorical__device_id_DEV_00509,0.0
categorical__device_id_DEV_00510,0.0
categorical__device_id_DEV_00511,0.0
categorical__device_id_DEV_00514,0.0
categorical__device_id_DEV_00515,0.0
categorical__device_id_DEV_00520,0.0
categorical__device_id_DEV_00521,0.0
categorical__device_id_DEV_00523,0.0
categorical__device_id_DEV_00524,0.0
categorical__device_id_DEV_00525,0.0
categorical__device_id_DEV_00527,0.0
categorical__device_id_DEV_00528,0.0
categorical__device_id_DEV_00530,0.0
categorical__device_id_DEV_00531,0.0
categorical__device_id_DEV_00532,0.0
categorical__device_id_DEV_00534,0.0
categorical__device_id_DEV_00535,0.0
categorical__device_id_DEV_00536,0.0
categorical__device_id_DEV_00537,0.0
categorical__device_id_DEV_00540,0.0
categorical__device_id_DEV_00541,0.0
categorical__device_id_DEV_00543,0.0
categorical__device_id_DEV_00546,0.0
categorical__device_id_DEV_00547,0.0
categorical__device_id_DEV_00549,0.0
categorical__device_id_DEV_00550,0.0
categorical__device_id_DEV_00551,0.0
categorical__device_id_DEV_00552,0.0
categorical__device_id_DEV_00553,0.0
categorical__device_id_DEV_00556,0.0
categorical__device_id_DEV_00557,0.0
categorical__device_id_DEV_00558,0.0
categorical__device_id_DEV_00560,0.0
categorical__device_id_DEV_00561,0.0
categorical__device_id_DEV_00564,0.0
categorical__device_id_DEV_00566,0.0
categorical__device_id_DEV_00567,0.0
categorical__device_id_DEV_00568,0.0
categorical__device_id_DEV_00569,0.0
categorical__device_id_DEV_00571,0.0
categorical__device_id_DEV_00572,0.0
categorical__device_id_DEV_00574,0.0
categorical__device_id_DEV_00575,0.0
categorical__device_id_DEV_00577,0.0
categorical__device_id_DEV_00580,0.0
categorical__device_id_DEV_00582,0.0
categorical__device_id_DEV_00584,0.0
categorical__device_id_DEV_00585,0.0
categorical__device_id_DEV_00586,0.0
categorical__device_id_DEV_00588,0.0
categorical__device_id_DEV_00589,0.0
categorical__device_id_DEV_00590,0.0
categorical__device_id_DEV_00591,0.0
categorical__device_id_DEV_00592,0.0
categorical__device_id_DEV_00593,0.0
categorical__device_id_DEV_00595,0.0
categorical__device_id_DEV_00600,0.0
categorical__device_id_DEV_00602,0.0
categorical__device_id_DEV_00603,0.0
categorical__device_id_DEV_00604,0.0
categorical__device_id_DEV_00605,0.0
categorical__device_id_DEV_00607,0.0
categorical__device_id_DEV_00609,0.0
categorical__device_id_DEV_00611,0.0
categorical__device_id_DEV_00612,0.0
categorical__device_id_DEV_00613,0.0
categorical__device_id_DEV_00614,0.0
categorical__device_id_DEV_00615,0.0
categorical__device_id_DEV_00617,0.0
categorical__device_id_DEV_00620,0.0
categorical__device_id_DEV_00621,0.0
categorical__device_id_DEV_00622,0.0
categorical__device_id_DEV_00624,0.0
categorical__device_id_DEV_00625,0.0
categorical__device_id_DEV_00628,0.0
categorical__device_id_DEV_00629,0.0
categorical__device_id_DEV_00630,0.0
categorical__device_id_DEV_00632,0.0
categorical__device_id_DEV_00634,0.0
categorical__device_id_DEV_00638,0.0
categorical__device_id_DEV_00639,0.0
categorical__device_id_DEV_00641,0.0
categorical__device_id_DEV_00643,0.0
categorical__device_id_DEV_00644,0.0
categorical__device_id_DEV_00645,0.0
categorical__device_id_DEV_00647,0.0
categorical__device_id_DEV_00648,0.0
categorical__device_id_DEV_00649,0.0
categorical__device_id_DEV_00650,0.0
categorical__device_id_DEV_00651,0.0
categorical__device_id_DEV_00652,0.0
categorical__device_id_DEV_00653,0.0
categorical__device_id_DEV_00655,0.0
categorical__device_id_DEV_00656,0.0
categorical__device_id_DEV_00657,0.0
categorical__device_id_DEV_00658,0.0
categorical__device_id_DEV_00659,0.0
categorical__device_id_DEV_00661,0.0
categorical__device_id_DEV_00665,0.0
categorical__device_id_DEV_00668,0.0
categorical__device_id_DEV_00671,0.0
categorical__device_id_DEV_00672,0.0
categorical__device_id_DEV_00673,0.0
categorical__device_id_DEV_00674,0.0
categorical__device_id_DEV_00675,0.0
categorical__device_id_DEV_00676,0.0
categorical__device_id_DEV_00677,0.0
categorical__device_id_DEV_00678,0.0
categorical__device_id_DEV_00679,0.0
categorical__device_id_DEV_00680,0.0
categorical__device_id_DEV_00681,0.0
categorical__device_id_DEV_00682,0.0
categorical__device_id_DEV_00683,0.0
categorical__device_id_DEV_00685,0.0
categorical__device_id_DEV_00686,0.0
categorical__device_id_DEV_00688,0.0
categorical__device_id_DEV_00689,0.0
categorical__device_id_DEV_00691,0.0
categorical__device_id_DEV_00694,0.0
categorical__device_id_DEV_00696,0.0
categorical__device_id_DEV_00697,0.0
categorical__device_id_DEV_00702,0.0
categorical__device_id_DEV_00704,0.0
categorical__device_id_DEV_00705,0.0
categorical__device_id_DEV_00706,0.0
categorical__device_id_DEV_00708,0.0
categorical__device_id_DEV_00709,0.0
categorical__device_id_DEV_00711,0.0
categorical__device_id_DEV_00712,0.0
categorical__device_id_DEV_00713,0.0
categorical__device_id_DEV_00347,0.0
categorical__device_id_DEV_00716,0.0
categorical__device_id_DEV_00717,0.0
categorical__device_id_DEV_00718,0.0
categorical__device_id_DEV_00719,0.0
categorical__device_id_DEV_00720,0.0
categorical__device_id_DEV_00721,0.0
categorical__device_id_DEV_00723,0.0
categorical__device_id_DEV_00724,0.0
categorical__device_id_DEV_00725,0.0
categorical__device_id_DEV_00726,0.0
categorical__device_id_DEV_00728,0.0
categorical__device_id_DEV_00729,0.0
categorical__device_id_DEV_00730,0.0
categorical__device_id_DEV_00732,0.0
categorical__device_id_DEV_00736,0.0
categorical__device_id_DEV_00737,0.0
categorical__device_id_DEV_00738,0.0
categorical__device_id_DEV_00739,0.0
categorical__device_id_DEV_00740,0.0
categorical__device_id_DEV_00742,0.0
categorical__device_id_DEV_00743,0.0
categorical__device_id_DEV_00746,0.0
categorical__device_id_DEV_00748,0.0
categorical__device_id_DEV_00749,0.0
categorical__device_id_DEV_00750,0.0
categorical__device_id_DEV_00751,0.0
categorical__device_id_DEV_00754,0.0
categorical__device_id_DEV_00755,0.0
categorical__device_id_DEV_00756,0.0
categorical__device_id_DEV_00757,0.0
categorical__device_id_DEV_00758,0.0
categorical__device_id_DEV_00760,0.0
categorical__device_id_DEV_00761,0.0
categorical__device_id_DEV_00763,0.0
categorical__device_id_DEV_00764,0.0
categorical__device_id_DEV_00770,0.0
categorical__device_id_DEV_00771,0.0
categorical__device_id_DEV_00773,0.0
categorical__device_id_DEV_00775,0.0
categorical__device_id_DEV_00776,0.0
categorical__device_id_DEV_00777,0.0
categorical__device_id_DEV_00779,0.0
categorical__device_id_DEV_00780,0.0
categorical__device_id_DEV_00781,0.0
categorical__device_id_DEV_00782,0.0
categorical__device_id_DEV_00784,0.0
categorical__device_id_DEV_00785,0.0
categorical__device_id_DEV_00786,0.0
categorical__device_id_DEV_00787,0.0
categorical__device_id_DEV_00789,0.0
categorical__device_id_DEV_00791,0.0
categorical__device_id_DEV_00792,0.0
categorical__device_id_DEV_00793,0.0
categorical__device_id_DEV_00794,0.0
categorical__device_id_DEV_00795,0.0
categorical__device_id_DEV_00796,0.0
categorical__device_id_DEV_00797,0.0
categorical__device_id_DEV_00798,0.0
categorical__device_id_DEV_00800,0.0
categorical__device_id_DEV_00802,0.0
categorical__device_id_DEV_00806,0.0
categorical__device_id_DEV_00810,0.0
categorical__device_id_DEV_00811,0.0
categorical__device_id_DEV_00812,0.0
categorical__device_id_DEV_00813,0.0
categorical__device_id_DEV_00815,0.0
categorical__device_id_DEV_00816,0.0
categorical__device_id_DEV_00817,0.0
categorical__device_id_DEV_00820,0.0
categorical__device_id_DEV_00821,0.0
categorical__device_id_DEV_00822,0.0
categorical__device_id_DEV_00825,0.0
categorical__device_id_DEV_00826,0.0
categorical__device_id_DEV_00827,0.0
categorical__device_id_DEV_00828,0.0
categorical__device_id_DEV_00830,0.0
categorical__device_id_DEV_00832,0.0
categorical__device_id_DEV_00833,0.0
categorical__device_id_DEV_00834,0.0
categorical__device_id_DEV_00836,0.0
categorical__device_id_DEV_00837,0.0
categorical__device_id_DEV_00838,0.0
categorical__device_id_DEV_00839,0.0
categorical__device_id_DEV_00840,0.0
categorical__device_id_DEV_00843,0.0
categorical__device_id_DEV_00844,0.0
categorical__device_id_DEV_00845,0.0
categorical__device_id_DEV_00846,0.0
categorical__device_id_DEV_00849,0.0
categorical__device_id_DEV_00850,0.0
categorical__device_id_DEV_00851,0.0
categorical__device_id_DEV_00852,0.0
categorical__device_id_DEV_00853,0.0
categorical__device_id_DEV_00854,0.0
categorical__device_id_DEV_00855,0.0
categorical__device_id_DEV_00856,0.0
categorical__device_id_DEV_00858,0.0
categorical__device_id_DEV_00859,0.0
categorical__device_id_DEV_00860,0.0
categorical__device_id_DEV_00862,0.0
categorical__device_id_DEV_00864,0.0
categorical__device_id_DEV_00866,0.0
categorical__device_id_DEV_00867,0.0
categorical__device_id_DEV_00868,0.0
categorical__device_id_DEV_00870,0.0
categorical__device_id_DEV_00873,0.0
categorical__device_id_DEV_00874,0.0
categorical__device_id_DEV_00876,0.0
categorical__device_id_DEV_00879,0.0
categorical__device_id_DEV_00880,0.0
categorical__device_id_DEV_00882,0.0
categorical__device_id_DEV_00883,0.0
categorical__device_id_DEV_00884,0.0
categorical__device_id_DEV_00886,0.0
categorical__device_id_DEV_00888,0.0
categorical__device_id_DEV_00889,0.0
categorical__device_id_DEV_00892,0.0
categorical__device_id_DEV_00893,0.0
categorical__device_id_DEV_00894,0.0
categorical__device_id_DEV_00895,0.0
categorical__device_id_DEV_00896,0.0
categorical__device_id_DEV_00897,0.0
categorical__device_id_DEV_00900,0.0
categorical__device_id_DEV_00902,0.0
categorical__device_id_DEV_00903,0.0
categorical__device_id_DEV_00906,0.0
categorical__device_id_DEV_00909,0.0
categorical__device_id_DEV_00915,0.0
categorical__device_id_DEV_00917,0.0
categorical__device_id_DEV_00918,0.0
categorical__device_id_DEV_00921,0.0
categorical__device_id_DEV_00924,0.0
categorical__device_id_DEV_00925,0.0
categorical__device_id_DEV_00927,0.0
categorical__device_id_DEV_00928,0.0
categorical__device_id_DEV_00929,0.0
categorical__device_id_DEV_00930,0.0
categorical__device_id_DEV_00931,0.0
categorical__device_id_DEV_00932,0.0
categorical__device_id_DEV_00934,0.0
categorical__device_id_DEV_00935,0.0
categorical__device_id_DEV_00936,0.0
categorical__device_id_DEV_00938,0.0
categorical__device_id_DEV_00940,0.0
categorical__device_id_DEV_00942,0.0
categorical__device_id_DEV_00943,0.0
categorical__device_id_DEV_00944,0.0
categorical__device_id_DEV_00947,0.0
categorical__device_id_DEV_00948,0.0
categorical__device_id_DEV_00949,0.0
categorical__device_id_DEV_00950,0.0
categorical__device_id_DEV_00951,0.0
categorical__device_id_DEV_00953,0.0
categorical__device_id_DEV_00954,0.0
categorical__device_id_DEV_00956,0.0
categorical__device_id_DEV_00958,0.0
categorical__device_id_DEV_00960,0.0
categorical__device_id_DEV_00961,0.0
categorical__device_id_DEV_00963,0.0
categorical__device_id_DEV_00964,0.0
categorical__device_id_DEV_00966,0.0
categorical__device_id_DEV_00967,0.0
categorical__device_id_DEV_00968,0.0
categorical__device_id_DEV_00969,0.0
categorical__device_id_DEV_00970,0.0
categorical__device_id_DEV_00973,0.0
categorical__device_id_DEV_00974,0.0
categorical__device_id_DEV_00975,0.0
categorical__device_id_DEV_00978,0.0
categorical__device_id_DEV_00981,0.0
categorical__device_id_DEV_00984,0.0
categorical__device_id_DEV_00986,0.0
categorical__device_id_DEV_00987,0.0
categorical__device_id_DEV_00989,0.0
categorical__device_id_DEV_00991,0.0
categorical__device_id_DEV_00992,0.0
categorical__device_id_DEV_00994,0.0
categorical__device_id_DEV_00995,0.0
categorical__device_id_DEV_00999,0.0
categorical__device_id_DEV_01001,0.0
categorical__device_id_DEV_01003,0.0
categorical__device_id_DEV_01005,0.0
categorical__device_id_DEV_01006,0.0
categorical__device_id_DEV_01008,0.0
categorical__device_id_DEV_01009,0.0
categorical__device_id_DEV_01010,0.0
categorical__device_id_DEV_01011,0.0
categorical__device_id_DEV_01013,0.0
categorical__device_id_DEV_01014,0.0
categorical__device_id_DEV_01019,0.0
categorical__device_id_DEV_01024,0.0
categorical__device_id_DEV_01025,0.0
categorical__device_id_DEV_01027,0.0
categorical__device_id_DEV_01029,0.0
categorical__device_id_DEV_01030,0.0
categorical__device_id_DEV_01033,0.0
categorical__device_id_DEV_01034,0.0
categorical__device_id_DEV_01035,0.0
categorical__device_id_DEV_01036,0.0
categorical__device_id_DEV_01038,0.0
categorical__device_id_DEV_01041,0.0
categorical__device_id_DEV_01045,0.0
categorical__device_id_DEV_01046,0.0
categorical__device_id_DEV_01049,0.0
categorical__device_id_DEV_01051,0.0
categorical__device_id_DEV_01053,0.0
categorical__device_id_DEV_01054,0.0
categorical__device_id_DEV_01056,0.0
categorical__device_id_DEV_01061,0.0
categorical__device_id_DEV_01062,0.0
categorical__device_id_DEV_01063,0.0
categorical__device_id_DEV_01066,0.0
categorical__device_id_DEV_01067,0.0
categorical__device_id_DEV_01068,0.0
categorical__device_id_DEV_01070,0.0
categorical__device_id_DEV_01072,0.0
categorical__device_id_DEV_01074,0.0
categorical__device_id_DEV_01075,0.0
categorical__device_id_DEV_01077,0.0
categorical__device_id_DEV_01078,0.0
categorical__device_id_DEV_01079,0.0
categorical__device_id_DEV_01080,0.0
categorical__device_id_DEV_01081,0.0
categorical__device_id_DEV_01082,0.0
categorical__device_id_DEV_01083,0.0
categorical__device_id_DEV_01085,0.0
categorical__device_id_DEV_01086,0.0
categorical__device_id_DEV_01087,0.0
categorical__device_id_DEV_01088,0.0
categorical__device_id_DEV_01089,0.0
categorical__device_id_DEV_01091,0.0
categorical__device_id_DEV_01096,0.0
categorical__device_id_DEV_01099,0.0
categorical__device_id_DEV_01100,0.0
categorical__device_id_DEV_01102,0.0
categorical__device_id_DEV_01104,0.0
categorical__device_id_DEV_01106,0.0
categorical__device_id_DEV_01110,0.0
categorical__device_id_DEV_01112,0.0
categorical__device_id_DEV_01113,0.0
categorical__device_id_DEV_01115,0.0
categorical__device_id_DEV_01117,0.0
categorical__device_id_DEV_01119,0.0
categorical__device_id_DEV_01120,0.0
categorical__device_id_DEV_01121,0.0
categorical__device_id_DEV_01122,0.0
categorical__device_id_DEV_01124,0.0
categorical__device_id_DEV_01127,0.0
categorical__device_id_DEV_01128,0.0
categorical__device_id_DEV_01129,0.0
categorical__device_id_DEV_01132,0.0
categorical__device_id_DEV_01134,0.0
categorical__device_id_DEV_01137,0.0
categorical__device_id_DEV_01138,0.0
categorical__device_id_DEV_01139,0.0
categorical__device_id_DEV_01140,0.0
categorical__device_id_DEV_01142,0.0
categorical__device_id_DEV_01143,0.0
categorical__device_id_DEV_01146,0.0
categorical__device_id_DEV_01149,0.0
categorical__device_id_DEV_01151,0.0
categorical__device_id_DEV_01152,0.0
categorical__device_id_DEV_01153,0.0
categorical__device_id_DEV_01155,0.0
categorical__device_id_DEV_01159,0.0
categorical__device_id_DEV_01160,0.0
categorical__device_id_DEV_01161,0.0
categorical__device_id_DEV_01162,0.0
categorical__device_id_DEV_01163,0.0
categorical__device_id_DEV_01164,0.0
categorical__device_id_DEV_01167,0.0
categorical__device_id_DEV_01168,0.0
categorical__device_id_DEV_01169,0.0
categorical__device_id_DEV_01170,0.0
categorical__device_id_DEV_01171,0.0
categorical__device_id_DEV_01172,0.0
categorical__device_id_DEV_01174,0.0
categorical__device_id_DEV_01175,0.0
categorical__device_id_DEV_01176,0.0
categorical__device_id_DEV_01177,0.0
categorical__device_id_DEV_01179,0.0
categorical__device_id_DEV_01183,0.0
categorical__device_id_DEV_01185,0.0
categorical__device_id_DEV_01187,0.0
categorical__device_id_DEV_01188,0.0
categorical__device_id_DEV_01189,0.0
categorical__device_id_DEV_01190,0.0
categorical__device_id_DEV_01191,0.0
categorical__device_id_DEV_01194,0.0
categorical__device_id_DEV_01195,0.0
categorical__device_id_DEV_01196,0.0
categorical__device_id_DEV_01197,0.0
categorical__device_id_DEV_01199,0.0
categorical__device_id_DEV_01200,0.0
categorical__device_id_DEV_01201,0.0
categorical__device_id_DEV_01203,0.0
categorical__device_id_DEV_01205,0.0
categorical__device_id_DEV_01206,0.0
categorical__device_id_DEV_01207,0.0
categorical__device_id_DEV_01209,0.0
categorical__device_id_DEV_01211,0.0
categorical__device_id_DEV_01215,0.0
categorical__device_id_DEV_01216,0.0
categorical__device_id_DEV_01217,0.0
categorical__device_id_DEV_01219,0.0
categorical__device_id_DEV_01220,0.0
categorical__device_id_DEV_01221,0.0
categorical__device_id_DEV_01222,0.0
categorical__device_id_DEV_01224,0.0
categorical__device_id_DEV_01225,0.0
categorical__device_id_DEV_01227,0.0
categorical__device_id_DEV_01228,0.0
categorical__device_id_DEV_01229,0.0
categorical__device_id_DEV_01230,0.0
categorical__device_id_DEV_01231,0.0
categorical__device_id_DEV_01232,0.0
categorical__device_id_DEV_01233,0.0
categorical__device_id_DEV_01234,0.0
categorical__device_id_DEV_01235,0.0
categorical__device_id_DEV_01237,0.0
categorical__device_id_DEV_01238,0.0
categorical__device_id_DEV_01239,0.0
categorical__device_id_DEV_01240,0.0
categorical__device_id_DEV_01241,0.0
categorical__device_id_DEV_01242,0.0
categorical__device_id_DEV_01243,0.0
categorical__device_id_DEV_01246,0.0
categorical__device_id_DEV_01249,0.0
categorical__device_id_DEV_01251,0.0
categorical__device_id_DEV_01252,0.0
categorical__device_id_DEV_01253,0.0
categorical__device_id_DEV_01257,0.0
categorical__device_id_DEV_01258,0.0
categorical__device_id_DEV_01260,0.0
categorical__device_id_DEV_01264,0.0
categorical__device_id_DEV_01266,0.0
categorical__device_id_DEV_01267,0.0
categorical__device_id_DEV_01268,0.0
categorical__device_id_DEV_01269,0.0
categorical__device_id_DEV_01270,0.0
categorical__device_id_DEV_01271,0.0
categorical__device_id_DEV_01273,0.0
categorical__device_id_DEV_01274,0.0
categorical__device_id_DEV_01275,0.0
categorical__device_id_DEV_01277,0.0
categorical__device_id_DEV_01278,0.0
categorical__device_id_DEV_01280,0.0
categorical__device_id_DEV_01281,0.0
categorical__device_id_DEV_01283,0.0
categorical__device_id_DEV_01284,0.0
categorical__device_id_DEV_01286,0.0
categorical__device_id_DEV_01287,0.0
categorical__device_id_DEV_01288,0.0
categorical__device_id_DEV_01292,0.0
categorical__device_id_DEV_01293,0.0
categorical__device_id_DEV_01294,0.0
categorical__device_id_DEV_01295,0.0
categorical__device_id_DEV_01296,0.0
categorical__device_id_DEV_01297,0.0
categorical__device_id_DEV_01298,0.0
categorical__device_id_DEV_01299,0.0
categorical__device_id_DEV_01300,0.0
categorical__device_id_DEV_01302,0.0
categorical__device_id_DEV_01303,0.0
categorical__device_id_DEV_01304,0.0
categorical__device_id_DEV_01306,0.0
categorical__device_id_DEV_01308,0.0
categorical__device_id_DEV_01309,0.0
categorical__device_id_DEV_01310,0.0
categorical__device_id_DEV_01311,0.0
categorical__device_id_DEV_01316,0.0
categorical__device_id_DEV_01317,0.0
categorical__device_id_DEV_01318,0.0
categorical__device_id_DEV_01319,0.0
categorical__device_id_DEV_01320,0.0
categorical__device_id_DEV_01324,0.0
categorical__device_id_DEV_01327,0.0
categorical__device_id_DEV_01328,0.0
categorical__device_id_DEV_01330,0.0
categorical__device_id_DEV_01331,0.0
categorical__device_id_DEV_01332,0.0
categorical__device_id_DEV_01333,0.0
categorical__device_id_DEV_01334,0.0
categorical__device_id_DEV_01335,0.0
categorical__device_id_DEV_01336,0.0
categorical__device_id_DEV_01339,0.0
categorical__device_id_DEV_01341,0.0
categorical__device_id_DEV_01343,0.0
categorical__device_id_DEV_01344,0.0
categorical__device_id_DEV_01345,0.0
categorical__device_id_DEV_01346,0.0
categorical__device_id_DEV_01349,0.0
categorical__device_id_DEV_01351,0.0
categorical__device_id_DEV_01352,0.0
categorical__device_id_DEV_01353,0.0
categorical__device_id_DEV_01354,0.0
categorical__device_id_DEV_01355,0.0
categorical__device_id_DEV_01357,0.0
categorical__device_id_DEV_01358,0.0
categorical__device_id_DEV_01360,0.0
categorical__device_id_DEV_01364,0.0
categorical__device_id_DEV_01365,0.0
categorical__device_id_DEV_01366,0.0
categorical__device_id_DEV_01367,0.0
categorical__device_id_DEV_01368,0.0
categorical__device_id_DEV_01369,0.0
categorical__device_id_DEV_01370,0.0
categorical__device_id_DEV_01371,0.0
categorical__device_id_DEV_01372,0.0
categorical__device_id_DEV_01375,0.0
categorical__device_id_DEV_01376,0.0
categorical__device_id_DEV_01377,0.0
categorical__device_id_DEV_01378,0.0
categorical__device_id_DEV_01379,0.0
categorical__device_id_DEV_01380,0.0
categorical__device_id_DEV_01381,0.0
categorical__device_id_DEV_01382,0.0
categorical__device_id_DEV_01383,0.0
categorical__device_id_DEV_01385,0.0
categorical__device_id_DEV_01386,0.0
categorical__device_id_DEV_01387,0.0
categorical__device_id_DEV_01388,0.0
categorical__device_id_DEV_01389,0.0
categorical__device_id_DEV_01392,0.0
categorical__device_id_DEV_01393,0.0
categorical__device_id_DEV_01394,0.0
categorical__device_id_DEV_01400,0.0
categorical__device_id_DEV_01403,0.0
categorical__device_id_DEV_01404,0.0
categorical__device_id_DEV_01405,0.0
categorical__device_id_DEV_01406,0.0
categorical__device_id_DEV_01407,0.0
categorical__device_id_DEV_01409,0.0
categorical__device_id_DEV_01410,0.0
categorical__device_id_DEV_01413,0.0
categorical__device_id_DEV_01415,0.0
categorical__device_id_DEV_01418,0.0
categorical__device_id_DEV_01419,0.0
categorical__device_id_DEV_01420,0.0
categorical__device_id_DEV_01421,0.0
categorical__device_id_DEV_01422,0.0
categorical__device_id_DEV_01424,0.0
categorical__device_id_DEV_01425,0.0
categorical__device_id_DEV_01427,0.0
categorical__device_id_DEV_01428,0.0
categorical__device_id_DEV_01431,0.0
categorical__device_id_DEV_01436,0.0
categorical__device_id_DEV_01437,0.0
categorical__device_id_DEV_01438,0.0
categorical__device_id_DEV_01440,0.0
categorical__device_id_DEV_01442,0.0
categorical__device_id_DEV_01443,0.0
categorical__device_id_DEV_01444,0.0
categorical__device_id_DEV_01446,0.0
categorical__device_id_DEV_01448,0.0
categorical__device_id_DEV_01450,0.0
categorical__device_id_DEV_01451,0.0
categorical__device_id_DEV_01452,0.0
categorical__device_id_DEV_01453,0.0
categorical__device_id_DEV_01456,0.0
categorical__device_id_DEV_01458,0.0
categorical__device_id_DEV_01459,0.0
categorical__device_id_DEV_01461,0.0
categorical__device_id_DEV_01464,0.0
categorical__device_id_DEV_01465,0.0
categorical__device_id_DEV_01466,0.0
categorical__device_id_DEV_01467,0.0
categorical__device_id_DEV_01469,0.0
categorical__device_id_DEV_01471,0.0
categorical__device_id_DEV_01472,0.0
categorical__device_id_DEV_01473,0.0
categorical__device_id_DEV_01476,0.0
categorical__device_id_DEV_01477,0.0
categorical__device_id_DEV_01481,0.0
categorical__device_id_DEV_01482,0.0
categorical__device_id_DEV_01483,0.0
categorical__device_id_DEV_01484,0.0
categorical__device_id_DEV_01486,0.0
categorical__device_id_DEV_01487,0.0
categorical__device_id_DEV_01489,0.0
categorical__device_id_DEV_01490,0.0
categorical__device_id_DEV_01492,0.0
categorical__device_id_DEV_01493,0.0
numeric__transaction_hour,0.0
categorical__device_id_DEV_01496,0.0
categorical__device_id_DEV_01497,0.0
categorical__device_id_DEV_01498,0.0
categorical__device_id_DEV_01499,0.0
categorical__device_id_DEV_01500,0.0
categorical__device_id_DEV_01502,0.0
categorical__device_id_DEV_02980,0.0
categorical__device_id_DEV_01504,0.0
categorical__device_id_DEV_01505,0.0
categorical__device_id_DEV_02981,0.0
categorical__device_id_DEV_01507,0.0
categorical__device_id_DEV_01508,0.0
categorical__device_id_DEV_01509,0.0
categorical__device_id_DEV_02982,0.0
categorical__device_id_DEV_01513,0.0
categorical__device_id_DEV_01514,0.0
categorical__device_id_DEV_01515,0.0
categorical__device_id_DEV_01516,0.0
categorical__device_id_DEV_01517,0.0
categorical__device_id_DEV_02984,0.0
categorical__device_id_DEV_01519,0.0
categorical__device_id_DEV_01520,0.0
categorical__device_id_DEV_01522,0.0
categorical__device_id_DEV_01523,0.0
categorical__device_id_DEV_01524,0.0
categorical__device_id_DEV_01525,0.0
categorical__device_id_DEV_01526,0.0
categorical__device_id_DEV_01527,0.0
categorical__device_id_DEV_01528,0.0
categorical__device_id_DEV_01529,0.0
categorical__device_id_DEV_01530,0.0
categorical__device_id_DEV_01531,0.0
categorical__device_id_DEV_01532,0.0
categorical__device_id_DEV_01533,0.0
categorical__device_id_DEV_01534,0.0
categorical__device_id_DEV_01535,0.0
categorical__device_id_DEV_01536,0.0
categorical__device_id_DEV_01537,0.0
categorical__device_id_DEV_02985,0.0
categorical__device_id_DEV_02986,0.0
categorical__device_id_DEV_01542,0.0
categorical__device_id_DEV_01543,0.0
categorical__device_id_DEV_01544,0.0
categorical__device_id_DEV_01545,0.0
categorical__device_id_DEV_01546,0.0
categorical__device_id_DEV_01548,0.0
categorical__device_id_DEV_01549,0.0
categorical__device_id_DEV_01551,0.0
categorical__device_id_DEV_01552,0.0
categorical__device_id_DEV_02987,0.0
categorical__device_id_DEV_01555,0.0
categorical__device_id_DEV_01556,0.0
categorical__device_id_DEV_01557,0.0
categorical__device_id_DEV_01559,0.0
categorical__device_id_DEV_01561,0.0
categorical__device_id_DEV_01562,0.0
categorical__device_id_DEV_02988,0.0
categorical__device_id_DEV_01564,0.0
categorical__device_id_DEV_01568,0.0
categorical__device_id_DEV_01569,0.0
categorical__device_id_DEV_01571,0.0
categorical__device_id_DEV_01572,0.0
categorical__device_id_DEV_01573,0.0
categorical__device_id_DEV_01574,0.0
categorical__device_id_DEV_01575,0.0
categorical__device_id_DEV_01577,0.0
categorical__device_id_DEV_01578,0.0
categorical__device_id_DEV_01579,0.0
categorical__device_id_DEV_01580,0.0
categorical__device_id_DEV_01582,0.0
categorical__device_id_DEV_01583,0.0
categorical__device_id_DEV_01584,0.0
categorical__device_id_DEV_01586,0.0
categorical__device_id_DEV_02989,0.0
categorical__device_id_DEV_01590,0.0
categorical__device_id_DEV_01592,0.0
categorical__device_id_DEV_01593,0.0
categorical__device_id_DEV_02992,0.0
categorical__device_id_DEV_02993,0.0
categorical__device_id_DEV_01596,0.0
categorical__device_id_DEV_01597,0.0
categorical__device_id_DEV_01598,0.0
categorical__device_id_DEV_01599,0.0
categorical__device_id_DEV_01600,0.0
categorical__device_id_DEV_01601,0.0
categorical__device_id_DEV_01602,0.0
categorical__device_id_DEV_01603,0.0
categorical__device_id_DEV_01606,0.0
categorical__device_id_DEV_02994,0.0
categorical__device_id_DEV_01610,0.0
categorical__device_id_DEV_01611,0.0
categorical__device_id_DEV_01612,0.0
categorical__device_id_DEV_01613,0.0
categorical__device_id_DEV_01615,0.0
categorical__device_id_DEV_01616,0.0
categorical__device_id_DEV_02995,0.0
categorical__device_id_DEV_01618,0.0
categorical__device_id_DEV_01619,0.0
categorical__device_id_DEV_00012,0.0
categorical__device_id_DEV_01622,0.0
categorical__device_id_DEV_01623,0.0
categorical__device_id_DEV_01624,0.0
categorical__device_id_DEV_01625,0.0
categorical__device_id_DEV_01628,0.0
categorical__device_id_DEV_00013,0.0
categorical__device_id_DEV_01631,0.0
categorical__device_id_DEV_01632,0.0
categorical__device_id_DEV_01633,0.0
categorical__device_id_DEV_01634,0.0
categorical__device_id_DEV_01635,0.0
categorical__device_id_DEV_01636,0.0
categorical__device_id_DEV_00015,0.0
categorical__device_id_DEV_01639,0.0
categorical__device_id_DEV_01640,0.0
categorical__device_id_DEV_00019,0.0
categorical__device_id_DEV_01642,0.0
categorical__device_id_DEV_01643,0.0
categorical__device_id_DEV_01644,0.0
categorical__device_id_DEV_01645,0.0
categorical__device_id_DEV_01646,0.0
categorical__device_id_DEV_01647,0.0
categorical__device_id_DEV_01648,0.0
categorical__device_id_DEV_01649,0.0
categorical__device_id_DEV_01650,0.0
categorical__device_id_DEV_01652,0.0
categorical__device_id_DEV_01654,0.0
categorical__device_id_DEV_01655,0.0
categorical__device_id_DEV_01656,0.0
categorical__device_id_DEV_01657,0.0
categorical__device_id_DEV_01658,0.0
categorical__device_id_DEV_01659,0.0
categorical__device_id_DEV_01660,0.0
categorical__device_id_DEV_01661,0.0
categorical__device_id_DEV_00020,0.0
categorical__device_id_DEV_01663,0.0
categorical__device_id_DEV_01664,0.0
categorical__device_id_DEV_01665,0.0
categorical__device_id_DEV_01666,0.0
categorical__device_id_DEV_01668,0.0
categorical__device_id_DEV_01671,0.0
categorical__device_id_DEV_01672,0.0
categorical__device_id_DEV_01673,0.0
categorical__device_id_DEV_01674,0.0
categorical__device_id_DEV_01676,0.0
categorical__device_id_DEV_01677,0.0
categorical__device_id_DEV_01678,0.0
categorical__device_id_DEV_00022,0.0
categorical__device_id_DEV_01681,0.0
categorical__device_id_DEV_01682,0.0
categorical__device_id_DEV_01683,0.0
categorical__device_id_DEV_01684,0.0
categorical__device_id_DEV_01685,0.0
categorical__device_id_DEV_01688,0.0
categorical__device_id_DEV_01691,0.0
categorical__device_id_DEV_01692,0.0
categorical__device_id_DEV_01693,0.0
categorical__device_id_DEV_01694,0.0
categorical__device_id_DEV_01695,0.0
categorical__device_id_DEV_01696,0.0
categorical__device_id_DEV_01697,0.0
categorical__device_id_DEV_01698,0.0
categorical__device_id_DEV_01699,0.0
categorical__device_id_DEV_01700,0.0
categorical__device_id_DEV_00023,0.0
categorical__device_id_DEV_01702,0.0
categorical__device_id_DEV_01703,0.0
categorical__device_id_DEV_01704,0.0
categorical__device_id_DEV_01705,0.0
categorical__device_id_DEV_01706,0.0
categorical__device_id_DEV_01708,0.0
categorical__device_id_DEV_01709,0.0
categorical__device_id_DEV_01712,0.0
categorical__device_id_DEV_01713,0.0
categorical__device_id_DEV_01714,0.0
categorical__device_id_DEV_01715,0.0
categorical__device_id_DEV_01716,0.0
categorical__device_id_DEV_01718,0.0
categorical__device_id_DEV_01721,0.0
categorical__device_id_DEV_01722,0.0
categorical__device_id_DEV_01723,0.0
categorical__device_id_DEV_01724,0.0
categorical__device_id_DEV_01725,0.0
categorical__device_id_DEV_01728,0.0
categorical__device_id_DEV_01730,0.0
categorical__device_id_DEV_01731,0.0
categorical__device_id_DEV_01732,0.0
categorical__device_id_DEV_01733,0.0
categorical__device_id_DEV_00025,0.0
categorical__device_id_DEV_00026,0.0
categorical__device_id_DEV_01738,0.0
categorical__device_id_DEV_01740,0.0
categorical__device_id_DEV_00028,0.0
categorical__device_id_DEV_00029,0.0
categorical__device_id_DEV_01743,0.0
categorical__device_id_DEV_01744,0.0
categorical__device_id_DEV_01745,0.0
categorical__device_id_DEV_01746,0.0
categorical__device_id_DEV_01747,0.0
categorical__device_id_DEV_01748,0.0
categorical__device_id_DEV_01749,0.0
categorical__device_id_DEV_01750,0.0
categorical__device_id_DEV_01751,0.0
categorical__device_id_DEV_01753,0.0
categorical__device_id_DEV_01755,0.0
categorical__device_id_DEV_00030,0.0
categorical__device_id_DEV_01757,0.0
categorical__device_id_DEV_01760,0.0
categorical__device_id_DEV_01761,0.0
categorical__device_id_DEV_01762,0.0
categorical__device_id_DEV_01764,0.0
categorical__device_id_DEV_01765,0.0
categorical__device_id_DEV_01767,0.0
categorical__device_id_DEV_01768,0.0
categorical__device_id_DEV_01769,0.0
categorical__device_id_DEV_01770,0.0
categorical__device_id_DEV_01771,0.0
categorical__device_id_DEV_01772,0.0
categorical__device_id_DEV_01773,0.0
categorical__device_id_DEV_01775,0.0
categorical__device_id_DEV_01776,0.0
categorical__device_id_DEV_01777,0.0
categorical__device_id_DEV_01778,0.0
categorical__device_id_DEV_01780,0.0
categorical__device_id_DEV_01781,0.0
categorical__device_id_DEV_01782,0.0
categorical__device_id_DEV_01783,0.0
categorical__device_id_DEV_01784,0.0
categorical__device_id_DEV_01785,0.0
categorical__device_id_DEV_00031,0.0
categorical__device_id_DEV_01787,0.0
categorical__device_id_DEV_00033,0.0
categorical__device_id_DEV_01790,0.0
categorical__device_id_DEV_01791,0.0
categorical__device_id_DEV_01792,0.0
categorical__device_id_DEV_01794,0.0
categorical__device_id_DEV_01795,0.0
categorical__device_id_DEV_01796,0.0
categorical__device_id_DEV_00034,0.0
categorical__device_id_DEV_01798,0.0
categorical__device_id_DEV_01799,0.0
categorical__device_id_DEV_01800,0.0
categorical__device_id_DEV_01801,0.0
categorical__device_id_DEV_01802,0.0
categorical__device_id_DEV_01805,0.0
categorical__device_id_DEV_01807,0.0
categorical__device_id_DEV_01808,0.0
categorical__device_id_DEV_01809,0.0
categorical__device_id_DEV_00035,0.0
categorical__device_id_DEV_01813,0.0
categorical__device_id_DEV_01814,0.0
categorical__device_id_DEV_01815,0.0
categorical__device_id_DEV_01816,0.0
categorical__device_id_DEV_01817,0.0
categorical__device_id_DEV_01820,0.0
categorical__device_id_DEV_01821,0.0
categorical__device_id_DEV_01822,0.0
categorical__device_id_DEV_01823,0.0
categorical__device_id_DEV_01824,0.0
categorical__device_id_DEV_01826,0.0
categorical__device_id_DEV_01828,0.0
categorical__device_id_DEV_01830,0.0
categorical__device_id_DEV_01833,0.0
categorical__device_id_DEV_01834,0.0
categorical__device_id_DEV_01835,0.0
categorical__device_id_DEV_01837,0.0
categorical__device_id_DEV_00036,0.0
categorical__device_id_DEV_01841,0.0
categorical__device_id_DEV_01842,0.0
categorical__device_id_DEV_01843,0.0
categorical__device_id_DEV_01845,0.0
categorical__device_id_DEV_01847,0.0
categorical__device_id_DEV_01848,0.0
categorical__device_id_DEV_01849,0.0
categorical__device_id_DEV_01850,0.0
categorical__device_id_DEV_01853,0.0
categorical__device_id_DEV_01854,0.0
categorical__device_id_DEV_01856,0.0
categorical__device_id_DEV_01857,0.0
categorical__device_id_DEV_00038,0.0
categorical__device_id_DEV_01861,0.0
categorical__device_id_DEV_01862,0.0
categorical__device_id_DEV_01863,0.0
categorical__device_id_DEV_01866,0.0
categorical__device_id_DEV_01867,0.0
categorical__device_id_DEV_01868,0.0
categorical__device_id_DEV_01869,0.0
categorical__device_id_DEV_01871,0.0
categorical__device_id_DEV_01872,0.0
categorical__device_id_DEV_01873,0.0
categorical__device_id_DEV_01874,0.0
categorical__device_id_DEV_01875,0.0
categorical__device_id_DEV_01876,0.0
categorical__device_id_DEV_01878,0.0
categorical__device_id_DEV_01879,0.0
categorical__device_id_DEV_01880,0.0
categorical__device_id_DEV_01882,0.0
categorical__device_id_DEV_01883,0.0
categorical__device_id_DEV_01885,0.0
categorical__device_id_DEV_01887,0.0
categorical__device_id_DEV_01888,0.0
categorical__device_id_DEV_01889,0.0
categorical__device_id_DEV_00039,0.0
categorical__device_id_DEV_01891,0.0
categorical__device_id_DEV_01892,0.0
categorical__device_id_DEV_01895,0.0
categorical__device_id_DEV_01896,0.0
categorical__device_id_DEV_01898,0.0
categorical__device_id_DEV_01899,0.0
categorical__device_id_DEV_00040,0.0
categorical__device_id_DEV_01901,0.0
categorical__device_id_DEV_01902,0.0
categorical__device_id_DEV_01903,0.0
categorical__device_id_DEV_01907,0.0
categorical__device_id_DEV_01908,0.0
categorical__device_id_DEV_01911,0.0
categorical__device_id_DEV_01912,0.0
categorical__device_id_DEV_01914,0.0
categorical__device_id_DEV_01916,0.0
categorical__device_id_DEV_01918,0.0
categorical__device_id_DEV_01920,0.0
categorical__device_id_DEV_01921,0.0
categorical__device_id_DEV_01923,0.0
categorical__device_id_DEV_01924,0.0
categorical__device_id_DEV_01925,0.0
categorical__device_id_DEV_01926,0.0
categorical__device_id_DEV_00044,0.0
categorical__device_id_DEV_01930,0.0
categorical__device_id_DEV_01931,0.0
categorical__device_id_DEV_00045,0.0
categorical__device_id_DEV_01933,0.0
categorical__device_id_DEV_01935,0.0
categorical__device_id_DEV_01936,0.0
categorical__device_id_DEV_01937,0.0
categorical__device_id_DEV_01938,0.0
categorical__device_id_DEV_00046,0.0
categorical__device_id_DEV_01940,0.0
categorical__device_id_DEV_01941,0.0
categorical__device_id_DEV_00048,0.0
categorical__device_id_DEV_01943,0.0
categorical__device_id_DEV_01944,0.0
categorical__device_id_DEV_01945,0.0
categorical__device_id_DEV_01946,0.0
categorical__device_id_DEV_01947,0.0
categorical__device_id_DEV_00050,0.0
categorical__device_id_DEV_01951,0.0
categorical__device_id_DEV_01953,0.0
categorical__device_id_DEV_01954,0.0
categorical__device_id_DEV_01956,0.0
categorical__device_id_DEV_01957,0.0
categorical__device_id_DEV_01958,0.0
categorical__device_id_DEV_01960,0.0
categorical__device_id_DEV_01961,0.0
categorical__device_id_DEV_01962,0.0
categorical__device_id_DEV_00051,0.0
categorical__device_id_DEV_01965,0.0
categorical__device_id_DEV_00055,0.0
categorical__device_id_DEV_01967,0.0
categorical__device_id_DEV_00056,0.0
categorical__device_id_DEV_01970,0.0
categorical__device_id_DEV_01971,0.0
categorical__device_id_DEV_01972,0.0
categorical__device_id_DEV_01974,0.0
categorical__device_id_DEV_01976,0.0
categorical__device_id_DEV_01977,0.0
categorical__device_id_DEV_01980,0.0
categorical__device_id_DEV_01982,0.0
categorical__device_id_DEV_01983,0.0
categorical__device_id_DEV_01984,0.0
categorical__device_id_DEV_01985,0.0
categorical__device_id_DEV_00057,0.0
categorical__device_id_DEV_01988,0.0
categorical__device_id_DEV_01989,0.0
categorical__device_id_DEV_01990,0.0
categorical__device_id_DEV_00058,0.0
categorical__device_id_DEV_01992,0.0
categorical__device_id_DEV_01994,0.0
categorical__device_id_DEV_01996,0.0
categorical__device_id_DEV_01997,0.0
categorical__device_id_DEV_01998,0.0
categorical__device_id_DEV_02000,0.0
categorical__device_id_DEV_02001,0.0
categorical__device_id_DEV_02003,0.0
categorical__device_id_DEV_02004,0.0
categorical__device_id_DEV_02005,0.0
categorical__device_id_DEV_02006,0.0
categorical__device_id_DEV_02007,0.0
categorical__device_id_DEV_02009,0.0
categorical__device_id_DEV_00063,0.0
categorical__device_id_DEV_02012,0.0
categorical__device_id_DEV_02013,0.0
categorical__device_id_DEV_02014,0.0
categorical__device_id_DEV_02015,0.0
categorical__device_id_DEV_02016,0.0
categorical__device_id_DEV_02017,0.0
categorical__device_id_DEV_02018,0.0
categorical__device_id_DEV_02019,0.0
categorical__device_id_DEV_02020,0.0
categorical__device_id_DEV_02021,0.0
categorical__device_id_DEV_02023,0.0
categorical__device_id_DEV_02024,0.0
categorical__device_id_DEV_02026,0.0
categorical__device_id_DEV_02027,0.0
categorical__device_id_DEV_00069,0.0
categorical__device_id_DEV_02030,0.0
categorical__device_id_DEV_00070,0.0
categorical__device_id_DEV_02032,0.0
categorical__device_id_DEV_02033,0.0
categorical__device_id_DEV_02034,0.0
categorical__device_id_DEV_02035,0.0
categorical__device_id_DEV_02036,0.0
categorical__device_id_DEV_02038,0.0
categorical__device_id_DEV_02039,0.0
categorical__device_id_DEV_02040,0.0
categorical__device_id_DEV_00072,0.0
categorical__device_id_DEV_02043,0.0
categorical__device_id_DEV_02045,0.0
categorical__device_id_DEV_02047,0.0
categorical__device_id_DEV_02049,0.0
categorical__device_id_DEV_02050,0.0
categorical__device_id_DEV_02051,0.0
categorical__device_id_DEV_02052,0.0
categorical__device_id_DEV_02054,0.0
categorical__device_id_DEV_02055,0.0
categorical__device_id_DEV_02056,0.0
categorical__device_id_DEV_02057,0.0
categorical__device_id_DEV_02058,0.0
categorical__device_id_DEV_02059,0.0
categorical__device_id_DEV_02061,0.0
categorical__device_id_DEV_02062,0.0
categorical__device_id_DEV_02064,0.0
categorical__device_id_DEV_00074,0.0
categorical__device_id_DEV_02068,0.0
categorical__device_id_DEV_02071,0.0
categorical__device_id_DEV_02072,0.0
categorical__device_id_DEV_02073,0.0
categorical__device_id_DEV_02074,0.0
categorical__device_id_DEV_02076,0.0
categorical__device_id_DEV_02077,0.0
categorical__device_id_DEV_02078,0.0
categorical__device_id_DEV_02079,0.0
categorical__device_id_DEV_02081,0.0
categorical__device_id_DEV_02082,0.0
categorical__device_id_DEV_02083,0.0
categorical__device_id_DEV_02084,0.0
categorical__device_id_DEV_02085,0.0
categorical__device_id_DEV_00077,0.0
categorical__device_id_DEV_02087,0.0
categorical__device_id_DEV_02089,0.0
categorical__device_id_DEV_02090,0.0
categorical__device_id_DEV_02091,0.0
categorical__device_id_DEV_02092,0.0
categorical__device_id_DEV_02093,0.0
categorical__device_id_DEV_00078,0.0
categorical__device_id_DEV_02095,0.0
categorical__device_id_DEV_02096,0.0
categorical__device_id_DEV_02097,0.0
categorical__device_id_DEV_02098,0.0
categorical__device_id_DEV_02102,0.0
categorical__device_id_DEV_02103,0.0
categorical__device_id_DEV_02105,0.0
categorical__device_id_DEV_02106,0.0
categorical__device_id_DEV_02107,0.0
categorical__device_id_DEV_02113,0.0
categorical__device_id_DEV_00081,0.0
categorical__device_id_DEV_02116,0.0
categorical__device_id_DEV_00082,0.0
categorical__device_id_DEV_02120,0.0
categorical__device_id_DEV_02121,0.0
categorical__device_id_DEV_02122,0.0
categorical__device_id_DEV_02123,0.0
categorical__device_id_DEV_00083,0.0
categorical__device_id_DEV_02126,0.0
categorical__device_id_DEV_00084,0.0
categorical__device_id_DEV_00085,0.0
categorical__device_id_DEV_02130,0.0
categorical__device_id_DEV_00088,0.0
categorical__device_id_DEV_02134,0.0
categorical__device_id_DEV_02135,0.0
categorical__device_id_DEV_02136,0.0
categorical__device_id_DEV_02137,0.0
categorical__device_id_DEV_00089,0.0
categorical__device_id_DEV_02139,0.0
categorical__device_id_DEV_02142,0.0
categorical__device_id_DEV_02143,0.0
categorical__device_id_DEV_02144,0.0
categorical__device_id_DEV_02146,0.0
categorical__device_id_DEV_02148,0.0
categorical__device_id_DEV_02149,0.0
categorical__device_id_DEV_02150,0.0
categorical__device_id_DEV_02151,0.0
categorical__device_id_DEV_02152,0.0
categorical__device_id_DEV_02153,0.0
categorical__device_id_DEV_02154,0.0
categorical__device_id_DEV_02155,0.0
categorical__device_id_DEV_02156,0.0
categorical__device_id_DEV_02157,0.0
categorical__device_id_DEV_02158,0.0
categorical__device_id_DEV_02159,0.0
categorical__device_id_DEV_00090,0.0
categorical__device_id_DEV_02162,0.0
categorical__device_id_DEV_02163,0.0
categorical__device_id_DEV_02165,0.0
categorical__device_id_DEV_02166,0.0
categorical__device_id_DEV_00091,0.0
categorical__device_id_DEV_02168,0.0
categorical__device_id_DEV_02169,0.0
categorical__device_id_DEV_02170,0.0
categorical__device_id_DEV_02172,0.0
categorical__device_id_DEV_02173,0.0
categorical__device_id_DEV_02174,0.0
categorical__device_id_DEV_00092,0.0
categorical__device_id_DEV_02178,0.0
categorical__device_id_DEV_02180,0.0
categorical__device_id_DEV_02182,0.0
categorical__device_id_DEV_02183,0.0
categorical__device_id_DEV_02184,0.0
categorical__device_id_DEV_02185,0.0
categorical__device_id_DEV_02186,0.0
categorical__device_id_DEV_02190,0.0
categorical__device_id_DEV_02192,0.0
categorical__device_id_DEV_02193,0.0
categorical__device_id_DEV_02194,0.0
categorical__device_id_DEV_02195,0.0
categorical__device_id_DEV_00093,0.0
categorical__device_id_DEV_02197,0.0
categorical__device_id_DEV_02198,0.0
categorical__device_id_DEV_02199,0.0
categorical__device_id_DEV_02200,0.0
categorical__device_id_DEV_02202,0.0
categorical__device_id_DEV_02203,0.0
categorical__device_id_DEV_02204,0.0
categorical__device_id_DEV_02205,0.0
categorical__device_id_DEV_02206,0.0
categorical__device_id_DEV_02207,0.0
categorical__device_id_DEV_00095,0.0
categorical__device_id_DEV_02209,0.0
categorical__device_id_DEV_02210,0.0
categorical__device_id_DEV_02211,0.0
categorical__device_id_DEV_02213,0.0
categorical__device_id_DEV_02214,0.0
categorical__device_id_DEV_02215,0.0
categorical__device_id_DEV_00096,0.0
categorical__device_id_DEV_02217,0.0
categorical__device_id_DEV_02218,0.0
categorical__device_id_DEV_02219,0.0
categorical__device_id_DEV_02220,0.0
categorical__device_id_DEV_02221,0.0
categorical__device_id_DEV_02222,0.0
categorical__device_id_DEV_02223,0.0
categorical__device_id_DEV_02224,0.0
categorical__device_id_DEV_02225,0.0
categorical__device_id_DEV_02226,0.0
categorical__device_id_DEV_02228,0.0
categorical__device_id_DEV_02231,0.0
categorical__device_id_DEV_02232,0.0
categorical__device_id_DEV_02233,0.0
categorical__device_id_DEV_02234,0.0
categorical__device_id_DEV_02235,0.0
categorical__device_id_DEV_02236,0.0
categorical__device_id_DEV_02240,0.0
categorical__device_id_DEV_02241,0.0
categorical__device_id_DEV_02242,0.0
categorical__device_id_DEV_02243,0.0
categorical__device_id_DEV_02244,0.0
categorical__device_id_DEV_02245,0.0
categorical__device_id_DEV_02249,0.0
categorical__device_id_DEV_02251,0.0
categorical__device_id_DEV_02252,0.0
categorical__device_id_DEV_02253,0.0
categorical__device_id_DEV_02254,0.0
categorical__device_id_DEV_02255,0.0
categorical__device_id_DEV_02258,0.0
categorical__device_id_DEV_02260,0.0
categorical__device_id_DEV_02261,0.0
categorical__device_id_DEV_02262,0.0
categorical__device_id_DEV_02263,0.0
categorical__device_id_DEV_02264,0.0
categorical__device_id_DEV_02265,0.0
categorical__device_id_DEV_02266,0.0
categorical__device_id_DEV_02267,0.0
categorical__device_id_DEV_02269,0.0
categorical__device_id_DEV_02270,0.0
categorical__device_id_DEV_02271,0.0
categorical__device_id_DEV_02273,0.0
categorical__device_id_DEV_02274,0.0
categorical__device_id_DEV_02276,0.0
categorical__device_id_DEV_02277,0.0
categorical__device_id_DEV_02278,0.0
categorical__device_id_DEV_02279,0.0
categorical__device_id_DEV_02281,0.0
categorical__device_id_DEV_02282,0.0
categorical__device_id_DEV_02283,0.0
categorical__device_id_DEV_02284,0.0
categorical__device_id_DEV_02285,0.0
categorical__device_id_DEV_02286,0.0
categorical__device_id_DEV_02287,0.0
categorical__device_id_DEV_02288,0.0
categorical__device_id_DEV_00097,0.0
categorical__device_id_DEV_02290,0.0
categorical__device_id_DEV_02291,0.0
categorical__device_id_DEV_02292,0.0
categorical__device_id_DEV_02296,0.0
categorical__device_id_DEV_02300,0.0
categorical__device_id_DEV_00098,0.0
categorical__device_id_DEV_02302,0.0
categorical__device_id_DEV_02303,0.0
categorical__device_id_DEV_02305,0.0
categorical__device_id_DEV_02306,0.0
categorical__device_id_DEV_00099,0.0
categorical__device_id_DEV_02308,0.0
categorical__device_id_DEV_02309,0.0
categorical__device_id_DEV_02310,0.0
categorical__device_id_DEV_02312,0.0
categorical__device_id_DEV_00100,0.0
categorical__device_id_DEV_02315,0.0
categorical__device_id_DEV_00101,0.0
categorical__device_id_DEV_02317,0.0
categorical__device_id_DEV_02318,0.0
categorical__device_id_DEV_02320,0.0
categorical__device_id_DEV_02321,0.0
categorical__device_id_DEV_02323,0.0
categorical__device_id_DEV_00102,0.0
categorical__device_id_DEV_02327,0.0
categorical__device_id_DEV_02328,0.0
categorical__device_id_DEV_00103,0.0
categorical__device_id_DEV_02333,0.0
categorical__device_id_DEV_02334,0.0
categorical__device_id_DEV_02335,0.0
categorical__device_id_DEV_02336,0.0
categorical__device_id_DEV_02337,0.0
categorical__device_id_DEV_02338,0.0
categorical__device_id_DEV_02339,0.0
categorical__device_id_DEV_02340,0.0
categorical__device_id_DEV_02341,0.0
categorical__device_id_DEV_00106,0.0
categorical__device_id_DEV_02346,0.0
categorical__device_id_DEV_02348,0.0
categorical__device_id_DEV_02349,0.0
categorical__device_id_DEV_02350,0.0
categorical__device_id_DEV_02351,0.0
categorical__device_id_DEV_02352,0.0
categorical__device_id_DEV_02353,0.0
categorical__device_id_DEV_02354,0.0
categorical__device_id_DEV_02357,0.0
categorical__device_id_DEV_00107,0.0
categorical__device_id_DEV_02359,0.0
categorical__device_id_DEV_02360,0.0
categorical__device_id_DEV_02361,0.0
categorical__device_id_DEV_02362,0.0
categorical__device_id_DEV_02364,0.0
categorical__device_id_DEV_02366,0.0
categorical__device_id_DEV_02367,0.0
categorical__device_id_DEV_00110,0.0
categorical__device_id_DEV_02369,0.0
categorical__device_id_DEV_02371,0.0
categorical__device_id_DEV_02372,0.0
categorical__device_id_DEV_02373,0.0
categorical__device_id_DEV_02374,0.0
categorical__device_id_DEV_00111,0.0
categorical__device_id_DEV_00112,0.0
categorical__device_id_DEV_02378,0.0
categorical__device_id_DEV_02380,0.0
categorical__device_id_DEV_02382,0.0
categorical__device_id_DEV_02383,0.0
categorical__device_id_DEV_02384,0.0
categorical__device_id_DEV_02385,0.0
categorical__device_id_DEV_02386,0.0
categorical__device_id_DEV_02388,0.0
categorical__device_id_DEV_02390,0.0
categorical__device_id_DEV_02392,0.0
categorical__device_id_DEV_02394,0.0
categorical__device_id_DEV_02397,0.0
categorical__device_id_DEV_02398,0.0
categorical__device_id_DEV_02399,0.0
categorical__device_id_DEV_02401,0.0
categorical__device_id_DEV_02402,0.0
categorical__device_id_DEV_02403,0.0
categorical__device_id_DEV_02404,0.0
categorical__device_id_DEV_02405,0.0
categorical__device_id_DEV_02407,0.0
categorical__device_id_DEV_02408,0.0
categorical__device_id_DEV_00113,0.0
categorical__device_id_DEV_02411,0.0
categorical__device_id_DEV_02412,0.0
categorical__device_id_DEV_02415,0.0
categorical__device_id_DEV_02416,0.0
categorical__device_id_DEV_02418,0.0
categorical__device_id_DEV_02419,0.0
categorical__device_id_DEV_02420,0.0
categorical__device_id_DEV_02421,0.0
categorical__device_id_DEV_02423,0.0
categorical__device_id_DEV_02426,0.0
categorical__device_id_DEV_00114,0.0
categorical__device_id_DEV_02428,0.0
categorical__device_id_DEV_02429,0.0
categorical__device_id_DEV_00115,0.0
categorical__device_id_DEV_02431,0.0
categorical__device_id_DEV_00116,0.0
categorical__device_id_DEV_02433,0.0
categorical__device_id_DEV_02434,0.0
categorical__device_id_DEV_02435,0.0
categorical__device_id_DEV_02436,0.0
categorical__device_id_DEV_02437,0.0
categorical__device_id_DEV_02439,0.0
categorical__device_id_DEV_02442,0.0
categorical__device_id_DEV_02443,0.0
categorical__device_id_DEV_02444,0.0
categorical__device_id_DEV_02445,0.0
categorical__device_id_DEV_02448,0.0
categorical__device_id_DEV_00117,0.0
categorical__device_id_DEV_02450,0.0
categorical__device_id_DEV_00119,0.0
categorical__device_id_DEV_02453,0.0
categorical__device_id_DEV_02454,0.0
categorical__device_id_DEV_02455,0.0
categorical__device_id_DEV_02456,0.0
categorical__device_id_DEV_02457,0.0
categorical__device_id_DEV_02458,0.0
categorical__device_id_DEV_02459,0.0
categorical__device_id_DEV_00120,0.0
categorical__device_id_DEV_02462,0.0
categorical__device_id_DEV_02464,0.0
categorical__device_id_DEV_02465,0.0
categorical__device_id_DEV_02467,0.0
categorical__device_id_DEV_02468,0.0
categorical__device_id_DEV_02469,0.0
categorical__device_id_DEV_02470,0.0
categorical__device_id_DEV_00121,0.0
categorical__device_id_DEV_02473,0.0
categorical__device_id_DEV_02474,0.0
categorical__device_id_DEV_02475,0.0
categorical__device_id_DEV_02477,0.0
categorical__device_id_DEV_02478,0.0
categorical__device_id_DEV_00122,0.0
categorical__device_id_DEV_02480,0.0
categorical__device_id_DEV_02481,0.0
categorical__device_id_DEV_02482,0.0
categorical__device_id_DEV_02485,0.0
categorical__device_id_DEV_02486,0.0
categorical__device_id_DEV_02487,0.0
categorical__device_id_DEV_02488,0.0
categorical__device_id_DEV_00123,0.0
categorical__device_id_DEV_02490,0.0
categorical__device_id_DEV_02491,0.0
categorical__device_id_DEV_02492,0.0
categorical__device_id_DEV_02493,0.0
categorical__device_id_DEV_00124,0.0
categorical__device_id_DEV_02497,0.0
categorical__device_id_DEV_02498,0.0
categorical__device_id_DEV_02499,0.0
categorical__device_id_DEV_02501,0.0
categorical__device_id_DEV_02503,0.0
categorical__device_id_DEV_02505,0.0
categorical__device_id_DEV_02508,0.0
categorical__device_id_DEV_02509,0.0
categorical__device_id_DEV_02510,0.0
categorical__device_id_DEV_02511,0.0
categorical__device_id_DEV_02512,0.0
categorical__device_id_DEV_02514,0.0
categorical__device_id_DEV_02515,0.0
categorical__device_id_DEV_02516,0.0
categorical__device_id_DEV_02517,0.0
categorical__device_id_DEV_02519,0.0
categorical__device_id_DEV_02520,0.0
categorical__device_id_DEV_02522,0.0
categorical__device_id_DEV_02523,0.0
categorical__device_id_DEV_02524,0.0
categorical__device_id_DEV_02525,0.0
categorical__device_id_DEV_02527,0.0
categorical__device_id_DEV_00125,0.0
categorical__device_id_DEV_02531,0.0
categorical__device_id_DEV_00127,0.0
categorical__device_id_DEV_00128,0.0
categorical__device_id_DEV_02535,0.0
categorical__device_id_DEV_02537,0.0
categorical__device_id_DEV_02540,0.0
categorical__device_id_DEV_02542,0.0
categorical__device_id_DEV_02543,0.0
categorical__device_id_DEV_02544,0.0
categorical__device_id_DEV_02545,0.0
categorical__device_id_DEV_02546,0.0
categorical__device_id_DEV_02547,0.0
categorical__device_id_DEV_02548,0.0
categorical__device_id_DEV_02549,0.0
categorical__device_id_DEV_02551,0.0
categorical__device_id_DEV_02554,0.0
categorical__device_id_DEV_02555,0.0
categorical__device_id_DEV_00129,0.0
categorical__device_id_DEV_02558,0.0
categorical__device_id_DEV_02559,0.0
categorical__device_id_DEV_02560,0.0
categorical__device_id_DEV_02561,0.0
categorical__device_id_DEV_02562,0.0
categorical__device_id_DEV_02566,0.0
categorical__device_id_DEV_02567,0.0
categorical__device_id_DEV_02568,0.0
categorical__device_id_DEV_02569,0.0
categorical__device_id_DEV_02570,0.0
categorical__device_id_DEV_02571,0.0
categorical__device_id_DEV_02572,0.0
categorical__device_id_DEV_02573,0.0
categorical__device_id_DEV_00130,0.0
categorical__device_id_DEV_02575,0.0
categorical__device_id_DEV_00131,0.0
categorical__device_id_DEV_02577,0.0
categorical__device_id_DEV_02579,0.0
categorical__device_id_DEV_00132,0.0
categorical__device_id_DEV_02583,0.0
categorical__device_id_DEV_00133,0.0
categorical__device_id_DEV_02585,0.0
categorical__device_id_DEV_02586,0.0
categorical__device_id_DEV_02587,0.0
categorical__device_id_DEV_02588,0.0
categorical__device_id_DEV_02589,0.0
categorical__device_id_DEV_02590,0.0
categorical__device_id_DEV_02596,0.0
categorical__device_id_DEV_02597,0.0
categorical__device_id_DEV_02598,0.0
categorical__device_id_DEV_02599,0.0
categorical__device_id_DEV_02600,0.0
categorical__device_id_DEV_00134,0.0
categorical__device_id_DEV_02602,0.0
categorical__device_id_DEV_02604,0.0
categorical__device_id_DEV_02605,0.0
categorical__device_id_DEV_02607,0.0
categorical__device_id_DEV_02608,0.0
categorical__device_id_DEV_00136,0.0
categorical__device_id_DEV_02610,0.0
categorical__device_id_DEV_02612,0.0
categorical__device_id_DEV_02613,0.0
categorical__device_id_DEV_02614,0.0
categorical__device_id_DEV_02615,0.0
categorical__device_id_DEV_02617,0.0
categorical__device_id_DEV_02618,0.0
categorical__device_id_DEV_02619,0.0
categorical__device_id_DEV_02620,0.0
categorical__device_id_DEV_02622,0.0
categorical__device_id_DEV_02623,0.0
categorical__device_id_DEV_02624,0.0
categorical__device_id_DEV_02628,0.0
categorical__device_id_DEV_02629,0.0
categorical__device_id_DEV_02630,0.0
categorical__device_id_DEV_02631,0.0
categorical__device_id_DEV_00137,0.0
categorical__device_id_DEV_02636,0.0
categorical__device_id_DEV_02637,0.0
categorical__device_id_DEV_02640,0.0
categorical__device_id_DEV_02642,0.0
categorical__device_id_DEV_02643,0.0
categorical__device_id_DEV_02645,0.0
categorical__device_id_DEV_02646,0.0
categorical__device_id_DEV_02647,0.0
categorical__device_id_DEV_02648,0.0
categorical__device_id_DEV_02649,0.0
categorical__device_id_DEV_02650,0.0
categorical__device_id_DEV_02651,0.0
categorical__device_id_DEV_02652,0.0
categorical__device_id_DEV_02654,0.0
categorical__device_id_DEV_02655,0.0
categorical__device_id_DEV_02656,0.0
categorical__device_id_DEV_02657,0.0
categorical__device_id_DEV_00139,0.0
categorical__device_id_DEV_02660,0.0
categorical__device_id_DEV_02662,0.0
categorical__device_id_DEV_00143,0.0
categorical__device_id_DEV_02665,0.0
categorical__device_id_DEV_02666,0.0
categorical__device_id_DEV_02667,0.0
categorical__device_id_DEV_02670,0.0
categorical__device_id_DEV_02671,0.0
categorical__device_id_DEV_02672,0.0
categorical__device_id_DEV_02674,0.0
categorical__device_id_DEV_02677,0.0
categorical__device_id_DEV_02678,0.0
categorical__device_id_DEV_02679,0.0
categorical__device_id_DEV_02680,0.0
categorical__device_id_DEV_02681,0.0
categorical__device_id_DEV_02682,0.0
categorical__device_id_DEV_02683,0.0
categorical__device_id_DEV_02684,0.0
categorical__device_id_DEV_02686,0.0
categorical__device_id_DEV_02687,0.0
categorical__device_id_DEV_00147,0.0
categorical__device_id_DEV_02690,0.0
categorical__device_id_DEV_00148,0.0
categorical__device_id_DEV_02692,0.0
categorical__device_id_DEV_02693,0.0
categorical__device_id_DEV_02694,0.0
categorical__device_id_DEV_02695,0.0
categorical__device_id_DEV_00149,0.0
categorical__device_id_DEV_02697,0.0
categorical__device_id_DEV_02698,0.0
categorical__device_id_DEV_02701,0.0
categorical__device_id_DEV_02702,0.0
categorical__device_id_DEV_02703,0.0
categorical__device_id_DEV_02704,0.0
categorical__device_id_DEV_02706,0.0
categorical__device_id_DEV_02708,0.0
categorical__device_id_DEV_02709,0.0
categorical__device_id_DEV_00151,0.0
categorical__device_id_DEV_02712,0.0
categorical__device_id_DEV_02713,0.0
categorical__device_id_DEV_02714,0.0
categorical__device_id_DEV_02715,0.0
categorical__device_id_DEV_02716,0.0
categorical__device_id_DEV_00153,0.0
categorical__device_id_DEV_02718,0.0
categorical__device_id_DEV_02720,0.0
categorical__device_id_DEV_02721,0.0
categorical__device_id_DEV_02723,0.0
categorical__device_id_DEV_00154,0.0
categorical__device_id_DEV_02725,0.0
categorical__device_id_DEV_02726,0.0
categorical__device_id_DEV_02727,0.0
categorical__device_id_DEV_02729,0.0
categorical__device_id_DEV_02730,0.0
categorical__device_id_DEV_02731,0.0
categorical__device_id_DEV_02732,0.0
categorical__device_id_DEV_02733,0.0
categorical__device_id_DEV_02735,0.0
categorical__device_id_DEV_02736,0.0
categorical__device_id_DEV_02737,0.0
categorical__device_id_DEV_00155,0.0
categorical__device_id_DEV_02741,0.0
categorical__device_id_DEV_02742,0.0
categorical__device_id_DEV_02743,0.0
categorical__device_id_DEV_02745,0.0
categorical__device_id_DEV_02747,0.0
categorical__device_id_DEV_02748,0.0
categorical__device_id_DEV_02750,0.0
categorical__device_id_DEV_02751,0.0
categorical__device_id_DEV_02752,0.0
categorical__device_id_DEV_02753,0.0
categorical__device_id_DEV_02756,0.0
categorical__device_id_DEV_02757,0.0
categorical__device_id_DEV_02758,0.0
categorical__device_id_DEV_02759,0.0
categorical__device_id_DEV_02761,0.0
categorical__device_id_DEV_00157,0.0
categorical__device_id_DEV_02763,0.0
categorical__device_id_DEV_02765,0.0
categorical__device_id_DEV_02766,0.0
categorical__device_id_DEV_02768,0.0
categorical__device_id_DEV_02770,0.0
categorical__device_id_DEV_02773,0.0
categorical__device_id_DEV_02774,0.0
categorical__device_id_DEV_02777,0.0
categorical__device_id_DEV_02778,0.0
categorical__device_id_DEV_02779,0.0
categorical__device_id_DEV_02781,0.0
categorical__device_id_DEV_02782,0.0
categorical__device_id_DEV_02783,0.0
categorical__device_id_DEV_02784,0.0
categorical__device_id_DEV_02786,0.0
categorical__device_id_DEV_02790,0.0
categorical__device_id_DEV_02793,0.0
categorical__device_id_DEV_02794,0.0
categorical__device_id_DEV_00158,0.0
categorical__device_id_DEV_02798,0.0
categorical__device_id_DEV_02799,0.0
categorical__device_id_DEV_02800,0.0
categorical__device_id_DEV_02801,0.0
categorical__device_id_DEV_00159,0.0
categorical__device_id_DEV_02803,0.0
categorical__device_id_DEV_02805,0.0
categorical__device_id_DEV_02806,0.0
categorical__device_id_DEV_02807,0.0
categorical__device_id_DEV_02809,0.0
categorical__device_id_DEV_02811,0.0
categorical__device_id_DEV_02813,0.0
categorical__device_id_DEV_02814,0.0
categorical__device_id_DEV_02815,0.0
categorical__device_id_DEV_02816,0.0
categorical__device_id_DEV_02817,0.0
categorical__device_id_DEV_00166,0.0
categorical__device_id_DEV_02819,0.0
categorical__device_id_DEV_00170,0.0
categorical__device_id_DEV_02822,0.0
categorical__device_id_DEV_00171,0.0
categorical__device_id_DEV_02824,0.0
categorical__device_id_DEV_02825,0.0
categorical__device_id_DEV_02826,0.0
categorical__device_id_DEV_02827,0.0
categorical__device_id_DEV_02828,0.0
categorical__device_id_DEV_02829,0.0
categorical__device_id_DEV_00175,0.0
categorical__device_id_DEV_02831,0.0
categorical__device_id_DEV_02833,0.0
categorical__device_id_DEV_02836,0.0
categorical__device_id_DEV_00176,0.0
categorical__device_id_DEV_02839,0.0
categorical__device_id_DEV_02840,0.0
categorical__device_id_DEV_02843,0.0
categorical__device_id_DEV_02844,0.0
categorical__device_id_DEV_00179,0.0
categorical__device_id_DEV_02846,0.0
categorical__device_id_DEV_02847,0.0
categorical__device_id_DEV_00181,0.0
categorical__device_id_DEV_02849,0.0
categorical__device_id_DEV_02851,0.0
categorical__device_id_DEV_02852,0.0
categorical__device_id_DEV_00182,0.0
categorical__device_id_DEV_02855,0.0
categorical__device_id_DEV_02856,0.0
categorical__device_id_DEV_02857,0.0
categorical__device_id_DEV_02859,0.0
categorical__device_id_DEV_02860,0.0
categorical__device_id_DEV_02861,0.0
categorical__device_id_DEV_00183,0.0
categorical__device_id_DEV_02866,0.0
categorical__device_id_DEV_02868,0.0
categorical__device_id_DEV_00184,0.0
categorical__device_id_DEV_02870,0.0
categorical__device_id_DEV_02871,0.0
categorical__device_id_DEV_02872,0.0
categorical__device_id_DEV_02875,0.0
categorical__device_id_DEV_02876,0.0
categorical__device_id_DEV_02877,0.0
categorical__device_id_DEV_02879,0.0
categorical__device_id_DEV_02880,0.0
categorical__device_id_DEV_02882,0.0
categorical__device_id_DEV_02883,0.0
categorical__device_id_DEV_02885,0.0
categorical__device_id_DEV_02891,0.0
categorical__device_id_DEV_02893,0.0
categorical__device_id_DEV_02894,0.0
categorical__device_id_DEV_02895,0.0
categorical__device_id_DEV_02897,0.0
categorical__device_id_DEV_02899,0.0
categorical__device_id_DEV_00185,0.0
categorical__device_id_DEV_02902,0.0
categorical__device_id_DEV_02903,0.0
categorical__device_id_DEV_02908,0.0
categorical__device_id_DEV_02910,0.0
categorical__device_id_DEV_02911,0.0
categorical__device_id_DEV_02912,0.0
categorical__device_id_DEV_02914,0.0
categorical__device_id_DEV_02915,0.0
categorical__device_id_DEV_02916,0.0
categorical__device_id_DEV_02919,0.0
categorical__device_id_DEV_02920,0.0
categorical__device_id_DEV_02921,0.0
categorical__device_id_DEV_02923,0.0
categorical__device_id_DEV_02926,0.0
categorical__device_id_DEV_02927,0.0
categorical__device_id_DEV_02928,0.0
categorical__device_id_DEV_02929,0.0
categorical__device_id_DEV_00186,0.0
categorical__device_id_DEV_02931,0.0
categorical__device_id_DEV_02933,0.0
categorical__device_id_DEV_02934,0.0
categorical__device_id_DEV_02935,0.0
categorical__device_id_DEV_02936,0.0
categorical__device_id_DEV_02937,0.0
categorical__device_id_DEV_02938,0.0
categorical__device_id_DEV_02939,0.0
categorical__device_id_DEV_02941,0.0
categorical__device_id_DEV_02942,0.0
categorical__device_id_DEV_02943,0.0
categorical__device_id_DEV_00188,0.0
categorical__device_id_DEV_02946,0.0
categorical__device_id_DEV_02947,0.0
categorical__device_id_DEV_02949,0.0
categorical__device_id_DEV_02950,0.0
categorical__device_id_DEV_02951,0.0
categorical__device_id_DEV_02952,0.0
categorical__device_id_DEV_02954,0.0
categorical__device_id_DEV_02955,0.0
categorical__device_id_DEV_02956,0.0
categorical__device_id_DEV_02958,0.0
categorical__device_id_DEV_02959,0.0
categorical__device_id_DEV_02960,0.0
categorical__device_id_DEV_00189,0.0
categorical__device_id_DEV_02965,0.0
categorical__device_id_DEV_02966,0.0
categorical__device_id_DEV_02968,0.0
categorical__device_id_DEV_02969,0.0
categorical__device_id_DEV_02970,0.0
categorical__device_id_DEV_02971,0.0
categorical__device_id_DEV_02972,0.0
categorical__device_id_DEV_02973,0.0
categorical__device_id_DEV_00191,0.0
categorical__device_id_DEV_00192,0.0
categorical__device_id_DEV_02977,0.0
categorical__device_id_DEV_00193,0.0
categorical__device_id_DEV_03000,0.0
categorical__device_id_DEV_00194,0.0
categorical__device_id_DEV_00195,0.0
categorical__device_id_DEV_00196,0.0
categorical__device_id_DEV_00197,0.0
categorical__device_id_DEV_00198,0.0
categorical__device_id_DEV_00199,0.0
categorical__device_id_DEV_00200,0.0
categorical__device_id_DEV_00201,0.0
categorical__device_id_DEV_00202,0.0
categorical__device_id_DEV_00203,0.0
categorical__device_id_DEV_00208,0.0
categorical__device_id_DEV_00210,0.0
categorical__device_id_DEV_00211,0.0
categorical__device_id_DEV_00011,0.0
categorical__device_id_DEV_00213,0.0
categorical__device_id_DEV_00217,0.0
categorical__device_id_DEV_00219,0.0
numeric__is_new_customer,0.0
categorical__device_id_DEV_00221,0.0
categorical__device_id_DEV_00223,0.0
categorical__device_id_DEV_00224,0.0
categorical__device_id_DEV_00225,0.0
categorical__device_id_DEV_00001,0.0
categorical__device_id_DEV_00002,0.0
categorical__device_id_DEV_00003,0.0
categorical__device_id_DEV_00004,0.0
categorical__device_id_DEV_00005,0.0
categorical__device_id_DEV_00006,0.0
categorical__device_id_DEV_00227,0.0
categorical__device_id_DEV_02997,0.0
