customer_id,account_age_days,previous_transactions,successful_transactions,previous_chargebacks,previous_refunds,known_devices,average_order_value
CUST_00001,1339,8,0,0,3,3,3623.98
CUST_00002,531,15,7,1,2,1,6047.26
CUST_00003,1415,48,46,0,0,1,3531.13
CUST_00004,1239,28,18,0,1,1,781.1
CUST_00005,221,14,7,0,1,1,8316.15
CUST_00006,1179,13,13,0,2,4,2545.18
CUST_00007,481,29,28,0,0,3,1957.75
CUST_00008,1687,1,0,1,0,4,2430.41
CUST_00009,726,18,10,0,0,2,2538.64
CUST_00010,1990,49,44,0,1,1,3914.9
CUST_00011,219,25,16,0,0,3,4998.67
CUST_00012,1765,23,22,0,0,3,3360.88
CUST_00013,1682,3,3,0,1,1,5123.49
CUST_00014,1918,25,16,0,1,3,2045.3
CUST_00015,1728,41,40,0,1,3,4480.48
CUST_00016,1212,13,4,1,0,1,5549.28
CUST_00017,1384,15,9,0,0,1,3758.91
CUST_00018,1781,15,6,0,0,4,5901.03
CUST_00019,599,30,30,0,2,3,2834.42
CUST_00020,363,24,19,0,4,2,6017.78
CUST_00021,1402,18,18,0,1,1,1104.2
CUST_00022,1277,41,33,0,2,2,6184.15
CUST_00023,364,30,26,1,0,3,1692.66
CUST_00024,1925,41,39,2,2,2,2098.06
CUST_00025,1432,21,11,1,3,2,2265.44
CUST_00026,1713,3,2,2,1,4,1070.13
CUST_00027,578,5,1,0,0,3,4093.09
CUST_00028,465,42,39,0,2,4,2653.83
CUST_00029,1841,42,39,2,1,2,3109.33
CUST_00030,572,9,3,0,2,3,16718.47
CUST_00031,1559,38,34,0,2,4,6634.08
CUST_00032,771,15,7,0,2,4,5046.01
CUST_00033,216,49,39,0,1,1,2110.33
CUST_00034,343,41,33,0,0,4,5688.57
CUST_00035,1251,5,3,0,1,4,1006.8
CUST_00036,1250,30,28,0,0,3,3127.52
CUST_00037,1163,1,0,1,1,3,1722.83
CUST_00038,1604,42,37,2,3,1,2379.29
CUST_00039,631,28,20,0,0,4,1087.86
CUST_00040,36,47,41,0,5,2,6860.32
CUST_00041,1069,7,4,0,2,2,3659.75
CUST_00042,343,24,16,0,0,1,1807.96
CUST_00043,1256,21,18,0,2,1,1506.77
CUST_00044,259,24,18,0,4,2,5171.71
CUST_00045,148,16,15,0,1,1,5514.14
CUST_00046,205,47,44,0,3,1,2520.68
CUST_00047,1587,35,27,0,1,2,3069.86
CUST_00048,1381,31,29,0,4,2,2707.85
CUST_00049,572,34,33,1,4,4,2180.78
CUST_00050,463,35,28,0,3,3,5428.83
CUST_00051,847,43,43,0,2,3,6249.12
CUST_00052,927,34,31,1,2,1,3090.08
CUST_00053,537,15,6,1,3,3,4445.39
CUST_00054,73,38,36,1,2,2,6600.47
CUST_00055,1235,15,5,0,1,1,15066.98
CUST_00056,1479,41,31,0,1,2,806.67
CUST_00057,168,3,2,0,2,1,8886.3
CUST_00058,1082,16,10,0,1,4,3261.64
CUST_00059,468,35,27,0,2,4,722.27
CUST_00060,527,31,27,1,1,2,3396.56
CUST_00061,223,7,6,0,4,3,2137.81
CUST_00062,897,27,24,0,2,1,1886.86
CUST_00063,1409,42,42,2,2,1,7236.1
CUST_00064,154,26,21,0,0,1,1816.44
CUST_00065,539,13,6,0,0,4,4067.05
CUST_00066,317,28,20,0,0,3,5126.84
CUST_00067,977,16,7,0,1,4,737.69
CUST_00068,1684,36,27,0,1,1,1199.75
CUST_00069,1365,35,25,0,3,1,2587.07
CUST_00070,1927,49,42,0,2,2,3110.78
CUST_00071,862,32,29,0,3,2,3628.93
CUST_00072,1800,26,16,0,2,2,1927.75
CUST_00073,806,1,1,1,0,3,5804.61
CUST_00074,1927,30,24,1,2,4,8240.24
CUST_00075,1456,47,45,1,2,4,1866.01
CUST_00076,347,13,7,2,2,2,6723.45
CUST_00077,149,38,36,1,3,1,2465.8
CUST_00078,1561,21,11,2,2,1,1940.76
CUST_00079,1226,31,29,0,4,2,1827.3
CUST_00080,146,33,24,0,2,2,2962.62
CUST_00081,170,39,30,0,0,2,4581.07
CUST_00082,856,8,3,0,0,1,7711.87
CUST_00083,1298,6,3,1,2,3,1081.76
CUST_00084,1944,17,10,3,1,3,1112.96
CUST_00085,518,17,13,1,2,2,2412.39
CUST_00086,1405,42,36,0,0,4,2971.45
CUST_00087,677,49,40,0,0,1,7257.54
CUST_00088,968,40,39,0,2,1,5113.32
CUST_00089,180,35,28,1,1,3,3129.9
CUST_00090,301,23,14,1,3,2,5934.0
CUST_00091,786,19,11,1,3,4,2758.24
CUST_00092,1737,35,29,0,1,1,5904.18
CUST_00093,1397,36,30,0,1,1,781.41
CUST_00094,1952,9,4,1,0,1,3841.94
CUST_00095,1852,7,2,3,3,3,6806.33
CUST_00096,607,39,32,1,2,3,2146.46
CUST_00097,446,44,44,2,1,3,2991.92
CUST_00098,1065,32,26,2,1,1,3080.62
CUST_00099,219,41,37,0,2,3,6262.36
CUST_00100,120,1,1,0,0,2,8768.84
CUST_00101,1334,17,9,1,3,4,6115.65
CUST_00102,1159,46,42,0,0,1,3348.48
CUST_00103,259,5,5,0,3,2,6253.5
CUST_00104,1147,3,2,0,2,2,870.34
CUST_00105,910,9,0,0,2,3,904.73
CUST_00106,776,3,2,0,2,2,2867.27
CUST_00107,1426,16,16,0,1,1,1379.01
CUST_00108,754,50,48,0,3,4,4193.84
CUST_00109,1301,48,40,0,0,2,2056.62
CUST_00110,1800,11,3,0,0,4,1711.27
CUST_00111,80,12,7,0,1,4,3103.33
CUST_00112,1672,43,36,1,2,3,603.07
CUST_00113,356,45,36,2,2,4,2056.27
CUST_00114,1816,3,3,0,2,2,1992.07
CUST_00115,438,30,25,0,1,3,5409.88
CUST_00116,1710,15,8,1,1,1,1492.85
CUST_00117,1381,13,9,0,1,3,1755.58
CUST_00118,600,5,2,0,1,3,1101.49
CUST_00119,1343,33,29,0,0,3,3472.94
CUST_00120,1953,2,0,1,1,3,5638.62
CUST_00121,395,38,32,0,2,1,2271.85
CUST_00122,252,39,35,0,2,3,1867.06
CUST_00123,1522,21,17,1,1,1,2163.15
CUST_00124,818,37,30,0,0,3,1923.31
CUST_00125,120,46,42,0,0,1,517.01
CUST_00126,1094,35,35,1,4,2,4813.84
CUST_00127,775,28,19,0,3,3,5727.92
CUST_00128,1306,21,21,0,1,1,1748.98
CUST_00129,1504,20,18,0,1,3,1025.56
CUST_00130,1395,27,22,0,0,4,5210.42
CUST_00131,1457,19,17,0,1,2,1632.24
CUST_00132,422,27,27,0,3,4,2277.45
CUST_00133,1417,48,40,1,2,3,4464.67
CUST_00134,861,36,26,2,2,3,2586.0
CUST_00135,617,14,10,0,3,3,1966.16
CUST_00136,982,29,26,0,0,2,4499.99
CUST_00137,1076,31,23,1,1,1,2467.25
CUST_00138,611,33,33,1,1,3,5786.78
CUST_00139,221,49,42,0,2,3,2521.41
CUST_00140,490,13,5,0,2,1,5303.77
CUST_00141,124,16,13,1,1,1,4258.04
CUST_00142,962,27,27,0,2,2,7137.58
CUST_00143,1501,45,41,0,1,4,3134.1
CUST_00144,848,16,8,1,2,1,2133.76
CUST_00145,1858,49,40,1,2,4,5063.9
CUST_00146,478,12,10,1,2,4,1563.19
CUST_00147,132,36,29,0,0,1,3359.06
CUST_00148,964,9,7,0,2,3,5350.24
CUST_00149,1975,49,46,0,2,4,10378.74
CUST_00150,1731,36,33,1,0,2,4506.12
CUST_00151,1553,31,28,0,2,3,1491.11
CUST_00152,1569,16,16,2,4,3,2729.71
CUST_00153,1598,50,48,0,2,4,1467.81
CUST_00154,1313,16,10,0,2,4,935.99
CUST_00155,188,46,40,1,1,2,2509.85
CUST_00156,586,22,17,0,2,1,2462.9
CUST_00157,313,10,3,0,1,4,1462.59
CUST_00158,1451,10,3,1,1,1,4279.83
CUST_00159,879,27,22,1,1,4,1723.68
CUST_00160,881,4,1,1,0,4,4779.05
CUST_00161,827,50,49,0,2,1,2493.68
CUST_00162,1784,49,48,0,1,4,8542.38
CUST_00163,1006,1,1,0,0,3,3651.49
CUST_00164,1573,25,21,1,1,2,2493.96
CUST_00165,1029,15,9,0,0,4,4186.92
CUST_00166,1024,2,1,0,0,3,1735.64
CUST_00167,1399,44,40,0,1,2,2064.9
CUST_00168,1751,30,22,0,1,1,4198.83
CUST_00169,1887,26,25,0,3,1,1398.64
CUST_00170,201,42,38,0,1,2,4587.8
CUST_00171,1805,30,22,0,0,1,926.26
CUST_00172,562,25,20,2,1,2,10252.54
CUST_00173,961,21,16,0,1,4,7134.42
CUST_00174,599,49,45,0,2,3,652.68
CUST_00175,1739,6,3,0,4,1,13476.03
CUST_00176,1564,35,25,0,0,3,4772.28
CUST_00177,489,42,33,2,0,1,952.69
CUST_00178,1574,2,0,0,2,2,4386.58
CUST_00179,1748,2,2,0,0,2,9268.47
CUST_00180,518,9,7,0,0,1,8949.44
CUST_00181,1185,14,11,1,1,3,2336.46
CUST_00182,1600,24,16,0,1,1,3425.46
CUST_00183,1622,11,5,0,2,1,1533.67
CUST_00184,1215,2,1,0,2,4,18819.85
CUST_00185,842,46,39,0,1,1,2969.84
CUST_00186,1242,45,45,0,2,2,1879.69
CUST_00187,238,45,39,0,3,1,4892.34
CUST_00188,1660,37,27,1,1,3,2010.77
CUST_00189,1121,28,28,0,0,3,2829.62
CUST_00190,171,33,33,0,4,3,4603.03
CUST_00191,55,27,24,1,1,1,4026.82
CUST_00192,917,24,24,0,2,4,3447.42
CUST_00193,1478,10,6,1,6,2,1114.75
CUST_00194,1532,34,34,0,0,3,4233.24
CUST_00195,1291,35,32,1,1,4,3979.05
CUST_00196,922,47,46,1,3,3,772.18
CUST_00197,690,16,7,0,1,3,3157.7
CUST_00198,1835,29,22,3,2,4,6284.47
CUST_00199,1197,40,40,0,4,4,1618.34
CUST_00200,718,2,1,0,1,3,5195.56
CUST_00201,402,32,25,0,1,3,770.03
CUST_00202,1663,17,12,1,2,3,1280.27
CUST_00203,1832,39,33,0,4,1,3349.33
CUST_00204,1088,13,4,0,1,2,4207.89
CUST_00205,1504,27,24,0,0,2,4397.38
CUST_00206,1444,31,31,0,0,4,1927.52
CUST_00207,947,2,0,4,2,3,3791.56
CUST_00208,483,26,19,0,1,3,2290.24
CUST_00209,1389,38,33,0,1,4,2312.83
CUST_00210,1163,34,29,0,5,4,4485.75
CUST_00211,1557,36,31,0,1,3,5535.13
CUST_00212,1469,30,24,0,0,3,1532.29
CUST_00213,544,15,6,0,1,2,2946.89
CUST_00214,676,8,8,0,2,2,6849.12
CUST_00215,422,14,11,1,2,3,5727.86
CUST_00216,1513,38,36,1,4,3,4004.52
CUST_00217,235,13,7,0,2,2,2651.86
CUST_00218,769,12,6,0,1,1,3303.37
CUST_00219,1480,35,27,2,0,3,5283.94
CUST_00220,123,4,4,1,1,3,1050.92
CUST_00221,1458,9,7,0,1,1,3549.52
CUST_00222,1817,1,1,1,2,4,8993.14
CUST_00223,1010,29,24,1,0,2,6320.43
CUST_00224,135,17,14,0,1,1,1453.08
CUST_00225,1713,5,3,0,0,4,3854.4
CUST_00226,181,37,37,0,0,1,2063.04
CUST_00227,340,10,9,0,3,3,1081.81
CUST_00228,204,16,7,0,2,4,639.6
CUST_00229,1271,39,38,0,2,2,4699.17
CUST_00230,1618,34,30,0,2,4,2781.03
CUST_00231,1890,29,23,1,1,4,1241.31
CUST_00232,655,37,36,1,1,1,8189.72
CUST_00233,1278,48,39,2,3,2,7146.95
CUST_00234,1311,14,8,0,0,1,4204.8
CUST_00235,351,16,8,0,2,1,1774.75
CUST_00236,350,1,1,0,1,4,2951.29
CUST_00237,1441,39,36,0,1,3,2640.9
CUST_00238,96,15,9,0,1,3,1841.41
CUST_00239,1469,30,21,1,1,2,1514.92
CUST_00240,1922,17,17,0,1,2,2883.04
CUST_00241,900,8,8,0,3,2,3449.1
CUST_00242,1356,10,4,0,1,2,713.93
CUST_00243,176,4,1,0,1,3,10492.13
CUST_00244,1248,48,47,1,0,3,4668.49
CUST_00245,929,8,7,0,2,3,10597.63
CUST_00246,1463,26,20,1,2,4,3829.72
CUST_00247,926,6,4,0,3,1,3947.91
CUST_00248,1851,28,23,1,0,3,13735.72
CUST_00249,82,6,1,0,0,1,2382.15
CUST_00250,1596,44,38,1,0,1,4011.48
CUST_00251,1592,49,41,1,2,4,3061.32
CUST_00252,1092,42,39,0,1,3,3242.25
CUST_00253,401,38,34,0,1,4,3942.05
CUST_00254,216,31,26,1,1,4,4689.29
CUST_00255,712,21,21,1,2,1,2768.96
CUST_00256,1786,11,6,2,1,4,10369.05
CUST_00257,1450,32,26,1,3,4,4212.54
CUST_00258,1696,49,47,0,2,1,3577.69
CUST_00259,961,6,2,1,1,3,5116.31
CUST_00260,692,8,6,0,1,1,405.86
CUST_00261,1376,35,32,0,2,4,6473.06
CUST_00262,141,13,11,0,2,3,1815.92
CUST_00263,1305,49,46,0,0,4,687.73
CUST_00264,1586,4,1,1,1,3,3561.45
CUST_00265,1154,9,4,1,0,4,2380.0
CUST_00266,1833,45,42,2,1,1,12755.57
CUST_00267,89,41,40,0,1,2,4960.89
CUST_00268,1483,11,5,0,0,1,3091.35
CUST_00269,1161,27,18,0,2,2,5661.42
CUST_00270,1753,8,7,0,2,1,3799.19
CUST_00271,1356,10,7,0,0,3,6475.16
CUST_00272,1072,46,40,0,2,4,1439.52
CUST_00273,1739,31,28,1,1,2,5481.03
CUST_00274,965,36,28,1,3,4,4217.41
CUST_00275,420,39,37,0,3,2,1390.31
CUST_00276,1799,5,2,0,0,4,9337.45
CUST_00277,726,33,27,0,1,1,2850.08
CUST_00278,609,47,41,2,3,4,3752.34
CUST_00279,1802,10,7,0,3,4,2683.73
CUST_00280,736,22,20,0,0,4,3254.86
CUST_00281,962,21,14,0,1,2,1604.21
CUST_00282,1201,25,18,0,1,4,8837.8
CUST_00283,119,21,18,0,0,4,9408.89
CUST_00284,820,43,43,0,1,2,6044.31
CUST_00285,1044,3,1,1,1,3,1326.47
CUST_00286,1811,7,7,0,2,1,1019.47
CUST_00287,1107,30,20,1,2,2,5070.78
CUST_00288,869,42,34,0,1,1,3629.44
CUST_00289,991,17,12,1,0,4,911.35
CUST_00290,1360,6,6,0,2,3,2782.66
CUST_00291,1775,44,42,0,2,4,1498.56
CUST_00292,1984,21,21,0,1,4,2547.22
CUST_00293,1816,35,25,0,1,1,977.41
CUST_00294,510,41,41,1,2,3,4057.54
CUST_00295,495,48,39,0,4,4,4229.11
CUST_00296,231,49,49,0,3,1,1202.96
CUST_00297,938,11,5,1,3,1,1661.14
CUST_00298,124,21,11,0,0,3,13381.18
CUST_00299,764,24,20,1,0,2,7024.85
CUST_00300,530,34,30,0,1,2,9287.06
CUST_00301,378,12,3,0,2,4,1698.38
CUST_00302,1299,44,37,0,3,4,9389.82
CUST_00303,1899,38,30,0,2,2,1379.47
CUST_00304,974,41,35,0,0,4,1811.83
CUST_00305,552,43,33,0,0,4,1928.94
CUST_00306,1875,19,19,0,3,2,4870.55
CUST_00307,181,29,24,0,4,3,1819.82
CUST_00308,1338,28,22,0,1,4,2866.83
CUST_00309,1761,20,13,1,1,4,9031.06
CUST_00310,1777,31,22,0,3,2,2404.88
CUST_00311,811,37,32,0,0,3,6968.59
CUST_00312,1462,19,9,0,1,4,3291.84
CUST_00313,592,1,0,1,3,4,1408.93
CUST_00314,1735,19,12,0,0,3,1599.07
CUST_00315,478,41,34,1,1,3,13480.78
CUST_00316,1418,49,49,0,4,2,1350.17
CUST_00317,1316,7,0,1,4,3,1867.46
CUST_00318,1645,29,19,0,1,3,5969.57
CUST_00319,1529,9,1,1,3,3,16737.62
CUST_00320,699,48,44,1,1,2,2416.08
CUST_00321,441,9,8,0,1,3,3101.54
CUST_00322,1117,33,27,1,1,2,4319.02
CUST_00323,556,31,25,0,0,3,1278.21
CUST_00324,1677,8,7,0,1,1,4536.68
CUST_00325,318,49,42,0,2,4,2009.11
CUST_00326,1762,36,31,0,1,1,2235.79
CUST_00327,1649,26,16,1,4,3,4228.78
CUST_00328,1128,8,7,0,0,3,14795.49
CUST_00329,1407,48,48,1,0,3,1314.12
CUST_00330,1227,25,25,1,1,3,844.39
CUST_00331,251,44,37,0,1,4,5454.36
CUST_00332,81,40,38,0,1,3,1707.0
CUST_00333,1904,40,33,0,2,1,2949.18
CUST_00334,1331,30,24,0,2,4,4471.61
CUST_00335,268,9,0,0,1,1,6753.07
CUST_00336,653,32,23,0,1,1,1629.4
CUST_00337,510,35,27,0,4,4,1950.94
CUST_00338,959,24,24,0,1,4,10702.22
CUST_00339,1232,48,40,1,4,4,3048.49
CUST_00340,1371,7,7,0,3,4,1759.19
CUST_00341,1953,18,8,0,1,3,1160.97
CUST_00342,474,29,26,0,2,2,1510.01
CUST_00343,1781,24,15,0,0,3,6836.24
CUST_00344,1145,42,37,0,0,1,4930.85
CUST_00345,845,18,11,0,2,1,1101.84
CUST_00346,1973,30,21,0,0,2,8526.49
CUST_00347,1344,41,40,0,3,1,8257.96
CUST_00348,133,22,15,1,1,2,10503.78
CUST_00349,1641,37,30,0,1,1,1434.59
CUST_00350,1729,49,47,0,2,2,752.61
CUST_00351,1230,14,7,0,0,3,3696.66
CUST_00352,1615,10,9,0,4,1,5276.49
CUST_00353,597,10,2,1,4,3,3745.81
CUST_00354,1665,12,3,1,0,1,3044.88
CUST_00355,299,1,1,0,2,2,7092.54
CUST_00356,1235,21,11,1,2,2,3025.68
CUST_00357,573,4,1,0,4,4,2501.57
CUST_00358,1107,8,1,0,2,4,2940.29
CUST_00359,948,50,45,0,1,1,9594.38
CUST_00360,955,33,26,0,0,1,3929.51
CUST_00361,1519,43,41,0,2,3,1720.85
CUST_00362,968,42,32,1,1,1,4692.85
CUST_00363,1010,26,22,0,3,1,4502.28
CUST_00364,1034,46,43,0,1,1,3778.58
CUST_00365,1871,6,2,1,1,2,2025.76
CUST_00366,164,9,4,0,0,3,17867.51
CUST_00367,810,39,37,0,2,3,6104.88
CUST_00368,959,33,32,0,2,4,4513.23
CUST_00369,233,45,36,0,2,2,3171.26
CUST_00370,910,29,22,0,0,4,8385.6
CUST_00371,724,30,26,0,1,4,4171.54
CUST_00372,1524,7,5,3,2,4,1146.16
CUST_00373,670,43,37,0,2,3,11150.17
CUST_00374,1982,10,10,0,1,4,8780.34
CUST_00375,167,6,6,0,0,1,2060.2
CUST_00376,220,28,19,0,2,3,5115.38
CUST_00377,1692,9,8,0,2,1,2605.87
CUST_00378,1231,36,34,0,0,3,7889.99
CUST_00379,1402,8,6,0,2,3,5597.77
CUST_00380,1819,43,39,0,1,1,5139.32
CUST_00381,619,39,33,1,1,3,2779.13
CUST_00382,242,37,35,0,2,2,2584.86
CUST_00383,346,43,40,0,3,2,2062.65
CUST_00384,1765,7,5,0,1,3,2951.85
CUST_00385,265,49,43,0,1,2,3543.8
CUST_00386,1683,28,26,0,1,1,3168.87
CUST_00387,1277,43,37,0,1,1,1370.21
CUST_00388,399,18,12,0,3,3,4433.47
CUST_00389,748,1,0,0,0,2,1782.52
CUST_00390,1189,43,39,1,1,1,1690.57
CUST_00391,320,48,48,1,0,1,3887.95
CUST_00392,217,48,46,0,1,2,10594.11
CUST_00393,800,27,24,0,4,3,4598.14
CUST_00394,352,24,18,0,2,3,12584.82
CUST_00395,1620,37,36,0,1,1,1814.7
CUST_00396,1839,4,1,0,2,2,2085.36
CUST_00397,1575,40,30,3,3,1,2856.26
CUST_00398,587,29,29,1,1,4,1780.94
CUST_00399,1024,39,36,0,4,4,827.54
CUST_00400,589,14,12,1,2,1,3430.48
CUST_00401,736,28,19,1,0,3,5930.13
CUST_00402,1418,44,43,0,2,4,4719.47
CUST_00403,1109,43,37,1,0,1,1527.54
CUST_00404,481,26,25,0,1,1,4009.89
CUST_00405,45,14,8,2,4,2,1296.85
CUST_00406,1601,9,4,0,2,3,2493.2
CUST_00407,701,8,0,1,1,4,3603.58
CUST_00408,1559,28,20,0,2,2,3688.35
CUST_00409,808,35,28,1,1,3,2103.05
CUST_00410,177,26,16,0,2,4,5972.27
CUST_00411,68,30,21,0,0,3,1874.51
CUST_00412,1209,28,27,1,1,4,719.98
CUST_00413,1483,41,37,1,2,3,1305.93
CUST_00414,265,26,16,1,0,3,6845.7
CUST_00415,381,40,37,1,2,3,3256.69
CUST_00416,210,28,19,0,0,2,11582.5
CUST_00417,922,38,34,0,1,1,4946.95
CUST_00418,840,20,15,0,2,2,4756.29
CUST_00419,712,50,42,0,0,1,903.78
CUST_00420,1075,41,32,1,2,2,605.53
CUST_00421,1885,50,45,0,0,3,3760.8
CUST_00422,1519,42,34,0,3,2,3406.19
CUST_00423,240,10,4,1,2,2,2048.42
CUST_00424,385,39,31,1,2,1,5248.2
CUST_00425,392,50,50,0,0,4,796.61
CUST_00426,980,49,48,0,1,4,2422.64
CUST_00427,1424,37,37,1,5,3,2770.78
CUST_00428,1799,41,36,1,4,2,2648.7
CUST_00429,930,5,3,1,0,4,5899.59
CUST_00430,1323,20,14,1,1,1,4233.42
CUST_00431,750,33,24,0,2,3,2707.51
CUST_00432,975,29,19,0,3,1,5808.12
CUST_00433,785,19,10,0,0,1,2490.87
CUST_00434,1289,39,37,0,3,4,554.5
CUST_00435,977,38,36,0,0,1,1772.72
CUST_00436,951,37,37,0,0,2,1183.21
CUST_00437,688,39,36,0,2,2,1113.85
CUST_00438,1991,4,3,0,1,1,2812.49
CUST_00439,1690,22,13,0,0,2,6368.6
CUST_00440,110,16,13,0,1,4,1989.68
CUST_00441,1103,34,33,1,0,2,1603.02
CUST_00442,775,24,18,0,2,4,3597.75
CUST_00443,867,50,45,2,1,1,843.7
CUST_00444,1646,41,41,1,1,3,983.49
CUST_00445,164,22,13,2,0,4,2125.7
CUST_00446,611,17,17,0,0,2,3303.56
CUST_00447,712,6,4,0,1,2,1664.69
CUST_00448,1907,23,17,0,0,4,634.98
CUST_00449,294,39,30,0,1,3,2546.82
CUST_00450,1174,25,25,1,2,3,1891.26
CUST_00451,1695,9,8,0,5,1,1338.62
CUST_00452,1353,43,39,0,1,3,3216.32
CUST_00453,67,24,18,0,1,2,3333.9
CUST_00454,1977,14,9,0,4,4,1451.9
CUST_00455,423,15,7,1,2,2,4314.12
CUST_00456,188,19,10,2,1,1,4196.83
CUST_00457,1385,22,21,0,3,2,2496.69
CUST_00458,1253,25,17,0,2,2,1273.95
CUST_00459,400,45,44,0,2,2,2682.69
CUST_00460,1506,29,19,0,2,4,1808.72
CUST_00461,776,44,37,0,3,4,2139.47
CUST_00462,1280,19,16,0,2,2,2950.95
CUST_00463,1123,16,10,0,1,4,843.33
CUST_00464,1881,13,8,1,3,4,2325.08
CUST_00465,975,50,44,2,2,4,4316.8
CUST_00466,1059,34,30,0,3,2,715.32
CUST_00467,1702,13,12,0,1,2,1232.72
CUST_00468,1817,17,7,1,1,4,1626.97
CUST_00469,1820,24,22,0,2,1,3656.65
CUST_00470,1486,34,25,0,1,3,5594.98
CUST_00471,201,49,41,0,0,3,18978.09
CUST_00472,950,33,25,0,5,4,1040.98
CUST_00473,217,15,12,1,1,3,2731.94
CUST_00474,1935,2,1,1,2,1,1311.84
CUST_00475,841,33,28,0,0,2,1964.59
CUST_00476,820,6,2,0,4,2,7801.78
CUST_00477,87,21,12,1,2,3,6741.68
CUST_00478,1650,10,2,1,2,1,2583.45
CUST_00479,617,31,23,0,1,4,11730.46
CUST_00480,948,40,30,1,0,1,2517.47
CUST_00481,68,17,10,0,2,2,5809.14
CUST_00482,1153,47,46,0,0,4,4269.11
CUST_00483,257,50,44,1,1,2,5220.18
CUST_00484,646,8,0,0,3,2,5054.35
CUST_00485,889,41,40,0,0,4,945.59
CUST_00486,158,8,7,0,1,1,950.71
CUST_00487,1324,33,32,2,2,2,2983.47
CUST_00488,1501,10,4,1,0,4,1682.5
CUST_00489,33,40,35,0,1,2,1739.93
CUST_00490,1198,27,19,2,2,1,1543.9
CUST_00491,1102,24,15,0,3,1,1638.82
CUST_00492,829,31,21,1,2,4,3768.85
CUST_00493,794,17,7,0,1,3,5379.55
CUST_00494,1644,5,2,1,1,2,4409.93
CUST_00495,1531,43,43,1,1,1,3769.38
CUST_00496,1610,38,33,0,2,2,1535.72
CUST_00497,120,23,21,0,0,3,5817.16
CUST_00498,1696,42,34,0,1,4,1446.63
CUST_00499,1454,31,31,0,2,2,1161.99
CUST_00500,1691,9,1,1,4,4,1679.95
CUST_00501,105,19,12,1,2,1,8070.12
CUST_00502,1650,13,3,0,0,3,5700.74
CUST_00503,1941,20,18,1,4,4,3436.85
CUST_00504,1699,35,32,0,0,3,2442.36
CUST_00505,104,49,49,0,2,2,1086.77
CUST_00506,615,23,13,0,1,3,2574.43
CUST_00507,589,8,5,1,2,4,2299.82
CUST_00508,1851,26,23,1,2,4,12999.48
CUST_00509,724,12,9,0,2,4,1296.48
CUST_00510,782,34,28,1,2,1,9413.23
CUST_00511,1519,28,19,0,0,4,879.46
CUST_00512,1263,12,10,1,1,3,3239.95
CUST_00513,687,7,1,0,0,3,2559.01
CUST_00514,1383,19,13,0,2,4,470.05
CUST_00515,1264,46,42,0,3,2,4918.54
CUST_00516,1442,29,24,0,1,4,4928.2
CUST_00517,116,47,42,0,2,4,5922.99
CUST_00518,592,41,31,0,1,1,1773.02
CUST_00519,1404,41,37,0,1,3,4765.48
CUST_00520,1080,48,48,0,1,2,4788.04
CUST_00521,1981,2,0,0,1,4,9604.99
CUST_00522,101,9,1,0,0,2,2764.76
CUST_00523,1624,42,37,4,1,3,1233.84
CUST_00524,814,37,27,0,0,2,1936.32
CUST_00525,1420,29,24,0,2,3,4224.92
CUST_00526,939,49,40,0,1,2,6621.68
CUST_00527,1114,24,20,0,2,3,3755.76
CUST_00528,1360,18,11,0,0,1,4600.63
CUST_00529,83,48,40,0,2,4,3061.02
CUST_00530,1090,25,23,0,2,1,4488.17
CUST_00531,566,50,44,0,2,4,2009.04
CUST_00532,469,40,34,0,1,4,2812.63
CUST_00533,439,8,2,0,4,1,973.9
CUST_00534,955,12,9,0,1,1,4119.64
CUST_00535,1689,44,39,0,1,3,4016.32
CUST_00536,1483,5,4,1,2,3,3021.18
CUST_00537,1855,20,12,0,1,2,8424.35
CUST_00538,1655,24,22,0,0,2,3823.53
CUST_00539,278,13,5,0,2,2,1242.29
CUST_00540,1648,32,22,0,2,3,4551.27
CUST_00541,1164,37,32,0,0,4,12962.36
CUST_00542,1675,36,28,0,1,1,2507.6
CUST_00543,164,20,16,2,2,4,3544.88
CUST_00544,1106,27,23,1,2,1,3311.92
CUST_00545,286,21,21,0,2,1,3010.89
CUST_00546,951,30,30,0,0,3,1528.81
CUST_00547,292,50,48,0,0,2,2241.89
CUST_00548,1602,9,6,1,2,1,4819.49
CUST_00549,1732,8,8,1,4,2,2726.34
CUST_00550,652,11,3,0,0,3,8585.31
CUST_00551,1944,46,39,0,0,3,5545.94
CUST_00552,1970,34,28,0,0,1,2220.45
CUST_00553,543,13,13,0,2,3,4046.94
CUST_00554,286,41,35,0,3,1,3956.07
CUST_00555,1059,42,34,1,1,2,4832.72
CUST_00556,380,43,42,0,1,3,497.27
CUST_00557,1755,37,27,0,1,1,6989.48
CUST_00558,196,3,2,1,1,2,5294.31
CUST_00559,1600,37,33,1,0,1,5158.36
CUST_00560,1049,41,39,2,2,3,2499.69
CUST_00561,1344,20,17,0,2,2,3995.32
CUST_00562,1678,44,40,1,1,3,7951.53
CUST_00563,958,5,5,0,2,1,12051.78
CUST_00564,353,29,25,0,4,4,26289.98
CUST_00565,981,14,9,1,2,2,2048.43
CUST_00566,670,46,41,0,3,3,4350.37
CUST_00567,846,9,5,1,2,1,4096.66
CUST_00568,683,16,13,1,0,1,2050.19
CUST_00569,577,29,22,1,3,2,5559.53
CUST_00570,228,4,2,0,1,4,4458.84
CUST_00571,1799,40,36,0,2,2,3535.27
CUST_00572,1802,11,6,0,0,3,7869.35
CUST_00573,418,49,41,1,1,4,3880.04
CUST_00574,1084,30,27,1,4,3,5254.82
CUST_00575,1048,2,0,1,1,4,1450.18
CUST_00576,1065,30,23,0,2,2,1156.47
CUST_00577,1224,23,13,0,2,1,1364.35
CUST_00578,606,32,31,0,3,4,7080.28
CUST_00579,615,35,25,0,0,1,8640.69
CUST_00580,912,9,4,0,1,3,2108.33
CUST_00581,1594,26,21,0,1,1,1176.36
CUST_00582,850,4,4,1,2,2,3147.08
CUST_00583,772,36,30,0,1,1,1669.1
CUST_00584,821,33,30,0,1,3,1874.41
CUST_00585,1720,40,40,0,2,1,2033.11
CUST_00586,293,7,6,0,2,3,2464.74
CUST_00587,1657,22,20,0,2,3,5287.73
CUST_00588,1576,10,3,0,1,4,8747.75
CUST_00589,1054,3,0,2,0,1,2564.61
CUST_00590,310,46,41,0,2,4,3618.28
CUST_00591,1093,30,22,0,1,2,4449.02
CUST_00592,701,40,35,0,1,2,2853.97
CUST_00593,834,40,34,1,0,3,2932.22
CUST_00594,1068,33,31,0,3,4,2638.46
CUST_00595,1481,37,31,0,1,4,10144.72
CUST_00596,1700,2,1,0,1,3,7840.19
CUST_00597,1409,8,6,0,0,3,3833.1
CUST_00598,1661,47,47,0,1,1,4436.23
CUST_00599,1252,31,25,0,1,2,9833.1
CUST_00600,1507,4,4,0,1,4,2414.96
CUST_00601,379,34,34,2,3,4,8037.83
CUST_00602,332,44,37,1,0,1,4802.72
CUST_00603,1202,45,36,0,3,2,5256.61
CUST_00604,68,29,24,0,3,4,2468.22
CUST_00605,340,27,20,1,3,4,2029.02
CUST_00606,1057,50,49,0,0,4,5440.96
CUST_00607,1817,48,38,0,1,2,5193.79
CUST_00608,1092,14,12,0,2,3,2946.65
CUST_00609,1386,31,29,0,0,4,4358.54
CUST_00610,672,12,9,2,0,3,1440.58
CUST_00611,1148,23,23,0,1,3,23490.85
CUST_00612,1279,31,24,0,3,2,7124.36
CUST_00613,601,36,30,2,1,2,2538.02
CUST_00614,1958,20,14,0,1,2,1642.57
CUST_00615,1443,46,43,1,4,3,4152.82
CUST_00616,1012,23,21,0,1,3,1558.58
CUST_00617,619,8,8,0,0,4,3224.31
CUST_00618,1864,26,21,0,0,2,10109.67
CUST_00619,624,3,2,0,0,1,2448.64
CUST_00620,739,29,29,0,0,3,4013.73
CUST_00621,1560,31,24,0,2,2,2691.19
CUST_00622,1725,35,29,0,0,3,1968.35
CUST_00623,311,7,3,1,2,2,11044.37
CUST_00624,133,43,41,1,1,2,3915.62
CUST_00625,1336,15,5,1,1,1,1559.63
CUST_00626,876,22,19,0,0,1,3564.46
CUST_00627,1425,50,42,1,2,1,455.16
CUST_00628,1157,11,7,0,1,4,3574.93
CUST_00629,1007,42,35,0,3,3,7123.46
CUST_00630,687,19,19,2,2,1,3269.57
CUST_00631,1889,50,41,0,3,2,7088.34
CUST_00632,1125,48,38,1,0,2,2164.38
CUST_00633,885,12,2,1,2,4,1949.46
CUST_00634,1643,32,24,0,3,3,3456.11
CUST_00635,1825,3,0,0,0,3,1238.91
CUST_00636,1193,39,30,0,1,3,1064.61
CUST_00637,612,30,30,1,1,4,4703.52
CUST_00638,1851,9,8,0,0,4,1344.29
CUST_00639,588,13,4,1,1,3,4105.56
CUST_00640,362,47,44,1,2,3,8259.14
CUST_00641,1501,12,2,1,1,3,3313.0
CUST_00642,1649,19,18,2,3,2,2744.87
CUST_00643,389,40,40,0,0,4,10577.82
CUST_00644,1723,28,26,0,0,3,2558.99
CUST_00645,207,26,26,0,1,1,5407.02
CUST_00646,408,9,7,0,0,3,2671.19
CUST_00647,1946,16,6,0,2,3,6475.86
CUST_00648,815,16,13,0,1,3,4526.7
CUST_00649,1983,22,16,1,1,1,4528.11
CUST_00650,565,42,37,0,1,2,1534.8
CUST_00651,157,43,34,0,3,4,3577.11
CUST_00652,658,11,7,0,1,3,2044.3
CUST_00653,1443,8,4,0,0,3,2361.74
CUST_00654,1288,15,8,0,0,2,4205.21
CUST_00655,1009,10,7,0,3,3,3768.91
CUST_00656,881,45,43,0,1,4,3719.37
CUST_00657,1581,35,35,0,3,2,1463.11
CUST_00658,1590,16,16,0,2,1,2512.78
CUST_00659,1106,29,27,0,1,3,7588.83
CUST_00660,189,37,28,0,3,1,4632.37
CUST_00661,1727,36,34,1,3,2,1680.93
CUST_00662,1202,35,27,0,3,2,8713.75
CUST_00663,701,34,31,0,0,1,6521.9
CUST_00664,1423,14,13,1,0,4,4378.76
CUST_00665,216,33,30,0,2,1,11775.91
CUST_00666,958,9,8,1,1,4,2988.68
CUST_00667,965,37,27,0,1,4,2256.58
CUST_00668,1407,20,10,0,1,4,10656.91
CUST_00669,551,1,0,0,5,1,1500.9
CUST_00670,122,28,23,0,0,1,25421.81
CUST_00671,1138,4,0,0,2,4,882.41
CUST_00672,94,19,15,0,0,2,6496.6
CUST_00673,1604,9,6,0,0,3,5722.15
CUST_00674,1855,25,22,1,0,4,3579.17
CUST_00675,799,6,5,2,1,2,3648.45
CUST_00676,1368,23,14,0,1,2,3141.15
CUST_00677,1130,26,24,0,0,2,2580.91
CUST_00678,1520,15,5,0,0,1,1767.63
CUST_00679,641,30,30,0,1,4,905.47
CUST_00680,1119,25,18,1,1,2,2156.04
CUST_00681,973,23,15,0,1,3,2166.17
CUST_00682,416,47,38,0,1,1,3384.63
CUST_00683,1687,43,39,0,1,1,2916.07
CUST_00684,522,14,5,0,2,1,1645.99
CUST_00685,1246,3,3,0,1,1,1098.32
CUST_00686,531,48,38,0,0,4,5151.04
CUST_00687,928,15,13,0,2,2,1299.71
CUST_00688,1574,50,40,1,3,2,586.77
CUST_00689,1061,19,12,0,4,3,9817.16
CUST_00690,1212,39,39,0,2,3,2829.0
CUST_00691,515,20,12,1,1,2,2113.09
CUST_00692,876,20,14,0,1,1,3795.08
CUST_00693,1170,38,30,0,2,4,3666.3
CUST_00694,1168,32,22,0,1,3,1031.07
CUST_00695,1958,42,42,0,0,4,1578.05
CUST_00696,1639,34,29,0,2,4,1807.08
CUST_00697,866,10,4,1,0,4,6992.35
CUST_00698,406,49,47,0,0,4,2081.33
CUST_00699,523,15,9,0,2,2,1378.01
CUST_00700,1680,30,20,0,1,4,4802.79
CUST_00701,883,36,34,0,0,2,3667.73
CUST_00702,825,16,10,0,1,2,3876.36
CUST_00703,706,42,33,0,1,4,5326.19
CUST_00704,1764,24,15,0,1,2,2924.47
CUST_00705,135,18,14,0,2,1,1949.24
CUST_00706,1819,5,1,0,3,2,4106.72
CUST_00707,1011,14,9,0,1,3,3290.78
CUST_00708,1989,1,0,0,3,2,670.89
CUST_00709,2000,48,39,0,2,4,1005.07
CUST_00710,1902,16,15,0,1,2,2413.79
CUST_00711,842,16,14,0,1,3,7008.4
CUST_00712,1618,19,15,0,1,4,2119.61
CUST_00713,1122,42,37,1,3,3,3192.78
CUST_00714,565,24,22,1,1,4,7384.29
CUST_00715,984,7,7,1,2,3,1312.14
CUST_00716,1902,14,9,3,1,3,6652.95
CUST_00717,877,3,1,1,4,2,1953.18
CUST_00718,63,17,15,0,1,4,2538.47
CUST_00719,634,10,3,2,2,3,1384.67
CUST_00720,501,25,24,1,1,2,3673.4
CUST_00721,1052,36,36,0,3,3,1534.19
CUST_00722,557,49,46,0,4,4,10128.96
CUST_00723,973,11,6,0,0,2,2058.46
CUST_00724,316,47,45,0,1,4,1422.84
CUST_00725,406,35,35,1,1,1,5147.36
CUST_00726,1103,3,0,0,0,1,955.89
CUST_00727,1595,1,1,0,2,2,5412.82
CUST_00728,1755,41,34,2,3,1,7158.24
CUST_00729,1478,10,0,0,2,2,1351.35
CUST_00730,1065,30,25,0,1,1,16125.77
CUST_00731,1295,41,41,0,2,4,4009.17
CUST_00732,1380,32,22,0,0,1,12791.5
CUST_00733,1119,36,32,0,4,1,2846.42
CUST_00734,64,34,28,0,0,3,4086.56
CUST_00735,65,33,33,0,2,4,1105.99
CUST_00736,1681,12,3,0,3,1,4709.02
CUST_00737,1103,10,3,0,2,2,1029.12
CUST_00738,1299,34,28,1,3,3,410.55
CUST_00739,577,26,17,0,2,3,3406.01
CUST_00740,1994,26,23,0,0,2,4082.45
CUST_00741,1457,15,9,0,1,1,3335.59
CUST_00742,1368,42,32,0,1,1,3094.29
CUST_00743,860,25,21,0,0,4,4569.46
CUST_00744,144,41,31,0,0,2,3327.18
CUST_00745,199,32,28,0,1,3,3953.32
CUST_00746,1188,7,0,0,1,2,4021.19
CUST_00747,462,45,44,0,1,4,6701.87
CUST_00748,585,3,0,0,1,3,7336.51
CUST_00749,1871,35,34,0,1,1,1287.04
CUST_00750,397,21,11,1,1,2,2429.45
CUST_00751,1232,10,6,2,5,1,3434.51
CUST_00752,642,11,10,1,2,2,9342.23
CUST_00753,1190,25,25,1,2,3,2617.32
CUST_00754,816,49,41,1,1,1,3703.37
CUST_00755,1055,48,43,0,1,1,8564.18
CUST_00756,230,28,21,0,3,1,1836.27
CUST_00757,727,39,38,1,1,4,9458.19
CUST_00758,1614,21,11,1,1,3,6307.08
CUST_00759,1634,29,26,0,0,2,4086.41
CUST_00760,758,36,32,0,0,4,805.23
CUST_00761,410,44,43,0,3,4,1655.19
CUST_00762,205,50,49,0,2,3,2547.02
CUST_00763,1664,16,7,0,0,1,2294.88
CUST_00764,578,10,6,2,0,2,2089.98
CUST_00765,1544,25,20,0,2,3,2623.61
CUST_00766,248,6,0,1,0,3,3046.51
CUST_00767,940,24,18,0,2,1,5802.74
CUST_00768,301,6,1,0,2,4,1458.53
CUST_00769,949,36,34,0,3,4,4651.58
CUST_00770,241,2,0,1,1,3,2030.17
CUST_00771,1165,6,4,1,0,3,389.6
CUST_00772,1798,25,15,0,1,3,2293.02
CUST_00773,877,25,16,0,3,2,2161.67
CUST_00774,1201,34,26,0,2,4,1833.13
CUST_00775,377,9,4,0,2,3,1185.6
CUST_00776,579,32,24,2,1,1,5131.84
CUST_00777,372,28,22,0,4,4,4176.58
CUST_00778,643,31,22,0,1,3,1831.51
CUST_00779,545,16,16,0,1,4,4553.52
CUST_00780,1246,40,33,0,2,4,6508.1
CUST_00781,249,9,4,0,1,1,4909.36
CUST_00782,1973,26,21,1,5,4,797.75
CUST_00783,1676,22,19,1,3,3,1735.65
CUST_00784,911,42,41,1,0,2,5330.15
CUST_00785,645,21,20,1,2,2,9576.4
CUST_00786,1011,21,13,1,1,4,8658.24
CUST_00787,683,19,19,1,1,4,7780.5
CUST_00788,1209,16,11,0,0,4,4849.55
CUST_00789,604,26,21,0,2,1,1647.81
CUST_00790,1938,37,30,0,2,2,7149.04
CUST_00791,1426,50,48,0,0,1,1408.67
CUST_00792,1981,47,44,0,0,2,11361.59
CUST_00793,927,19,10,0,2,4,3392.41
CUST_00794,1408,32,24,0,1,3,5747.62
CUST_00795,525,17,17,0,1,2,2641.33
CUST_00796,1494,28,24,0,1,1,5117.1
CUST_00797,949,39,36,0,5,4,1608.81
CUST_00798,1124,33,29,0,2,1,1810.66
CUST_00799,1649,24,22,1,2,1,1750.87
CUST_00800,253,50,43,0,2,3,3644.57
CUST_00801,370,42,41,0,2,1,3033.28
CUST_00802,1183,42,42,2,1,4,2415.55
CUST_00803,1571,22,18,0,2,1,2365.91
CUST_00804,51,7,4,0,0,2,2570.44
CUST_00805,1075,48,46,0,3,2,2011.5
CUST_00806,942,24,20,0,2,4,6064.77
CUST_00807,1611,44,43,0,0,2,1568.93
CUST_00808,736,2,1,0,4,1,3746.72
CUST_00809,635,27,18,1,0,1,12838.87
CUST_00810,1732,47,39,1,0,3,1465.08
CUST_00811,668,22,19,1,2,2,3419.64
CUST_00812,1097,31,26,0,1,4,1583.12
CUST_00813,229,29,26,1,2,3,5651.3
CUST_00814,167,20,10,2,2,1,1010.29
CUST_00815,76,22,22,0,0,1,4238.43
CUST_00816,1416,11,4,0,1,2,10482.4
CUST_00817,1160,11,6,0,0,4,5096.64
CUST_00818,1992,30,23,0,2,4,6046.83
CUST_00819,1319,12,4,0,2,4,3472.46
CUST_00820,840,2,2,1,0,2,1502.42
CUST_00821,950,38,34,0,1,4,702.42
CUST_00822,39,46,39,0,0,2,1844.2
CUST_00823,600,49,40,1,2,1,2062.93
CUST_00824,1667,35,27,2,1,3,3375.93
CUST_00825,697,13,10,0,2,1,1663.43
CUST_00826,567,43,40,0,0,3,2314.36
CUST_00827,1252,25,24,1,0,4,13568.95
CUST_00828,1232,8,5,1,2,3,6859.46
CUST_00829,1761,30,29,0,2,2,1737.99
CUST_00830,1696,44,38,0,2,1,2190.3
CUST_00831,1406,9,5,2,1,1,14618.09
CUST_00832,518,20,11,1,2,2,2246.04
CUST_00833,794,45,37,2,1,4,4044.78
CUST_00834,886,39,31,0,5,4,506.45
CUST_00835,896,12,9,1,2,2,12017.12
CUST_00836,1166,11,8,0,0,3,1664.96
CUST_00837,317,12,7,0,2,4,1948.57
CUST_00838,1298,4,2,2,2,1,2824.1
CUST_00839,1022,9,3,1,2,4,3091.0
CUST_00840,1180,33,33,0,0,4,4463.8
CUST_00841,867,44,41,0,1,4,3300.62
CUST_00842,1484,29,26,1,1,2,1939.36
CUST_00843,199,37,27,0,1,2,2075.53
CUST_00844,628,3,2,0,0,2,2031.0
CUST_00845,1131,19,11,0,2,4,2595.57
CUST_00846,1188,48,45,0,0,1,3402.88
CUST_00847,1202,8,4,0,3,3,3370.11
CUST_00848,1140,49,39,0,0,4,1169.45
CUST_00849,1148,14,10,2,0,1,2796.21
CUST_00850,1537,42,35,0,1,3,2816.88
CUST_00851,1821,3,3,0,3,3,5910.41
CUST_00852,743,6,3,0,0,1,682.69
CUST_00853,1618,16,9,1,1,3,2314.81
CUST_00854,1793,46,45,0,0,4,2849.99
CUST_00855,369,40,32,0,3,2,1123.63
CUST_00856,1696,14,4,0,0,3,2005.62
CUST_00857,1120,18,17,1,3,2,1590.42
CUST_00858,692,46,40,2,2,3,1189.72
CUST_00859,1202,18,16,0,2,1,1962.16
CUST_00860,307,49,45,1,4,1,6339.35
CUST_00861,597,42,34,1,2,2,3327.85
CUST_00862,541,10,5,0,2,2,2993.95
CUST_00863,1589,44,40,0,4,4,7767.23
CUST_00864,321,37,37,0,1,3,1315.38
CUST_00865,1315,27,23,0,1,4,18014.55
CUST_00866,184,41,32,0,0,4,1152.0
CUST_00867,1085,48,42,1,2,3,5517.01
CUST_00868,961,32,27,0,3,1,1402.25
CUST_00869,1809,50,41,0,1,4,3799.77
CUST_00870,1330,43,38,0,0,1,17293.56
CUST_00871,1659,35,31,0,1,2,3117.91
CUST_00872,909,14,11,1,1,3,2316.76
CUST_00873,691,19,14,0,2,2,2902.43
CUST_00874,1189,32,27,0,4,1,3086.71
CUST_00875,124,7,7,0,3,1,1665.09
CUST_00876,284,11,8,0,1,4,1906.84
CUST_00877,31,28,21,0,2,2,1051.11
CUST_00878,1836,42,36,0,2,2,3183.98
CUST_00879,1820,18,9,0,3,3,14951.2
CUST_00880,542,6,2,0,4,2,1058.27
CUST_00881,136,26,26,1,1,3,1674.46
CUST_00882,1516,45,38,0,3,4,1801.95
CUST_00883,1372,6,5,1,1,1,4410.71
CUST_00884,32,14,11,0,4,1,3399.14
CUST_00885,301,38,31,0,3,4,746.39
CUST_00886,49,1,1,0,2,1,3080.52
CUST_00887,1791,28,20,0,1,4,3218.23
CUST_00888,175,15,11,0,3,1,3143.31
CUST_00889,1526,7,1,1,1,3,1490.74
CUST_00890,782,20,12,0,3,4,2908.8
CUST_00891,1614,49,41,2,0,2,3759.49
CUST_00892,170,34,33,1,2,1,3291.95
CUST_00893,1279,42,34,0,2,4,6869.97
CUST_00894,749,47,40,1,3,2,1235.82
CUST_00895,1913,27,26,1,1,4,2848.98
CUST_00896,1791,14,5,0,3,1,3136.97
CUST_00897,316,49,40,0,2,4,3177.25
CUST_00898,749,28,23,0,4,2,10557.32
CUST_00899,537,18,18,1,2,1,1997.75
CUST_00900,538,36,35,0,1,3,3762.45
CUST_00901,1625,45,35,1,1,3,5988.33
CUST_00902,450,34,33,0,0,2,1788.68
CUST_00903,1561,26,20,0,2,1,1143.91
CUST_00904,1635,16,13,0,2,4,1239.78
CUST_00905,260,16,13,0,0,1,3464.69
CUST_00906,1111,1,1,0,1,3,2011.73
CUST_00907,300,25,24,1,2,4,935.65
CUST_00908,778,35,35,1,1,2,2440.96
CUST_00909,1592,31,22,1,2,1,2299.83
CUST_00910,1232,5,0,0,0,3,1160.22
CUST_00911,471,3,0,2,0,4,3733.77
CUST_00912,1067,19,19,0,0,4,3353.1
CUST_00913,897,45,41,0,1,1,8257.74
CUST_00914,1341,35,33,0,0,2,5246.01
CUST_00915,598,6,2,1,0,1,7165.19
CUST_00916,1077,14,6,0,2,3,2178.18
CUST_00917,830,38,38,2,3,1,3546.77
CUST_00918,665,45,41,2,2,2,955.35
CUST_00919,148,16,7,0,1,4,6010.59
CUST_00920,267,30,29,0,1,1,2104.22
CUST_00921,663,43,43,0,0,2,3514.92
CUST_00922,274,1,0,0,1,1,1178.44
CUST_00923,365,32,27,2,1,3,1423.07
CUST_00924,371,24,16,0,0,3,1420.9
CUST_00925,1531,8,0,1,1,3,4186.0
CUST_00926,1682,28,22,0,0,1,2148.5
CUST_00927,568,46,45,1,1,1,8945.51
CUST_00928,1046,30,28,3,0,3,3127.68
CUST_00929,143,32,31,0,1,2,5726.85
CUST_00930,783,11,5,0,1,1,624.35
CUST_00931,1861,37,37,0,3,1,3342.2
CUST_00932,497,48,46,0,1,1,1290.86
CUST_00933,120,1,0,0,3,1,4403.32
CUST_00934,996,24,20,0,1,2,2713.78
CUST_00935,396,3,3,1,2,2,2284.07
CUST_00936,689,16,12,3,1,3,2364.48
CUST_00937,585,5,4,0,1,3,1511.58
CUST_00938,274,33,33,0,2,1,2256.81
CUST_00939,397,15,13,0,1,1,6824.86
CUST_00940,1983,26,17,1,1,4,9621.27
CUST_00941,1803,19,13,0,1,3,7385.28
CUST_00942,206,36,33,0,1,1,1373.33
CUST_00943,785,13,7,0,1,3,1795.8
CUST_00944,1544,40,33,0,1,4,2599.9
CUST_00945,784,38,35,1,1,2,4150.74
CUST_00946,1530,35,28,0,1,2,2567.2
CUST_00947,43,27,17,1,3,2,1382.77
CUST_00948,1139,23,23,1,4,1,1060.14
CUST_00949,1977,22,12,0,1,4,3681.92
CUST_00950,1768,48,42,0,2,1,3370.7
CUST_00951,450,34,27,0,2,4,4841.6
CUST_00952,1037,4,1,0,2,3,4481.89
CUST_00953,220,3,1,2,3,4,2732.31
CUST_00954,1465,24,21,1,2,1,2001.56
CUST_00955,1219,7,2,0,2,4,6042.85
CUST_00956,183,38,37,0,0,1,1650.02
CUST_00957,920,43,35,2,1,2,3108.32
CUST_00958,627,17,12,1,1,4,5794.51
CUST_00959,1465,48,43,0,0,3,5048.66
CUST_00960,957,18,11,1,0,1,1298.25
CUST_00961,1962,13,5,1,4,1,1998.27
CUST_00962,348,7,2,1,2,4,3420.68
CUST_00963,984,21,17,0,2,1,4343.09
CUST_00964,1127,23,16,0,1,4,4022.79
CUST_00965,661,30,24,1,1,1,4633.67
CUST_00966,215,11,11,1,4,3,801.35
CUST_00967,1722,46,45,0,0,1,1947.38
CUST_00968,470,21,13,0,2,1,3843.66
CUST_00969,1486,16,11,0,3,4,3146.0
CUST_00970,1081,4,2,0,0,3,3251.43
CUST_00971,1709,12,2,0,2,4,705.86
CUST_00972,1780,29,27,0,0,2,3825.15
CUST_00973,223,30,21,1,0,2,11457.64
CUST_00974,278,1,0,0,1,2,1733.28
CUST_00975,297,13,9,0,3,3,696.13
CUST_00976,1435,41,41,1,2,1,2382.23
CUST_00977,1222,38,32,0,3,1,448.96
CUST_00978,74,5,1,0,0,4,1918.08
CUST_00979,1687,9,1,1,0,3,8980.16
CUST_00980,280,3,3,0,1,1,3041.64
CUST_00981,374,37,33,0,0,4,2820.45
CUST_00982,1046,2,1,1,1,4,1987.46
CUST_00983,383,23,16,0,2,2,1853.72
CUST_00984,593,18,15,0,0,2,2385.67
CUST_00985,100,40,39,3,2,2,1789.95
CUST_00986,1355,19,16,0,1,4,13412.44
CUST_00987,1837,36,33,0,1,1,5494.7
CUST_00988,209,18,14,0,1,2,2918.19
CUST_00989,888,13,13,0,3,2,7777.81
CUST_00990,1321,35,25,0,3,4,950.5
CUST_00991,1631,46,41,0,3,4,3551.79
CUST_00992,1145,32,27,0,1,3,5252.09
CUST_00993,825,18,10,2,1,1,2659.1
CUST_00994,683,39,32,0,1,1,9263.87
CUST_00995,1864,50,44,0,1,1,2433.23
CUST_00996,1686,31,29,1,1,3,2314.29
CUST_00997,1600,38,31,0,3,2,5440.95
CUST_00998,235,16,16,0,1,2,3152.22
CUST_00999,575,35,25,2,3,2,7075.03
CUST_01000,1209,25,20,2,2,2,1447.56
CUST_01001,390,16,15,0,1,3,6964.01
CUST_01002,1681,48,43,0,1,1,2110.75
CUST_01003,1470,45,40,1,2,2,1395.56
CUST_01004,1183,13,10,1,0,3,13117.77
CUST_01005,389,32,22,0,1,1,1325.04
CUST_01006,145,15,14,0,2,2,918.64
CUST_01007,70,34,31,0,2,1,3279.01
CUST_01008,709,40,33,0,2,2,476.05
CUST_01009,727,46,38,0,2,3,3566.55
CUST_01010,151,2,0,0,3,2,4181.43
CUST_01011,1615,8,8,0,2,3,2857.54
CUST_01012,1997,5,2,0,2,4,6564.6
CUST_01013,1230,7,5,0,2,3,3007.85
CUST_01014,690,9,2,0,2,4,4170.87
CUST_01015,1651,41,38,0,0,3,5945.94
CUST_01016,386,46,44,0,1,3,1810.97
CUST_01017,487,43,42,0,3,2,10608.23
CUST_01018,804,20,14,1,0,2,2344.87
CUST_01019,393,47,37,1,0,4,2132.11
CUST_01020,1772,50,49,0,2,1,3833.88
CUST_01021,402,39,34,1,3,2,560.68
CUST_01022,1339,37,28,2,4,4,2106.72
CUST_01023,318,22,13,0,1,2,941.24
CUST_01024,740,21,13,0,2,1,4551.51
CUST_01025,1712,46,46,0,0,3,2582.05
CUST_01026,944,1,1,0,1,2,1311.32
CUST_01027,541,45,36,0,3,3,5393.03
CUST_01028,555,7,0,0,2,1,3302.9
CUST_01029,820,29,25,0,2,2,2350.85
CUST_01030,1841,27,24,1,2,4,944.08
CUST_01031,749,35,31,0,1,1,17293.36
CUST_01032,1727,31,30,0,2,2,2897.53
CUST_01033,363,29,20,1,2,1,998.12
CUST_01034,633,2,1,0,3,3,1305.55
CUST_01035,1979,7,1,0,1,3,3034.03
CUST_01036,378,25,17,0,0,1,1012.14
CUST_01037,1150,6,2,0,2,4,6328.01
CUST_01038,1472,2,1,0,3,2,3454.62
CUST_01039,1273,28,20,0,0,1,612.22
CUST_01040,237,22,15,1,3,2,1585.2
CUST_01041,868,45,43,2,1,3,1359.85
CUST_01042,1382,19,13,1,0,2,5713.5
CUST_01043,226,4,3,0,1,4,723.96
CUST_01044,344,4,2,0,2,1,2776.94
CUST_01045,905,6,2,0,2,4,6711.43
CUST_01046,438,7,0,0,0,2,5890.94
CUST_01047,379,41,35,1,2,1,2704.48
CUST_01048,999,8,4,0,0,4,6929.67
CUST_01049,994,32,32,1,0,3,6937.01
CUST_01050,216,42,40,0,0,4,1023.5
CUST_01051,408,24,20,0,1,3,9460.2
CUST_01052,412,29,19,0,1,3,1802.74
CUST_01053,930,30,24,3,0,2,1344.77
CUST_01054,1744,18,17,0,3,1,1595.62
CUST_01055,339,49,49,1,0,1,893.53
CUST_01056,205,43,38,1,2,4,1569.8
CUST_01057,1579,38,31,0,3,1,6366.12
CUST_01058,1751,25,23,1,2,4,9162.4
CUST_01059,1126,44,41,0,1,2,3358.14
CUST_01060,1005,20,11,0,1,4,5818.09
CUST_01061,1878,46,36,0,1,2,3017.61
CUST_01062,276,49,46,0,1,2,1163.43
CUST_01063,1973,11,4,0,3,2,4696.63
CUST_01064,288,3,3,1,3,1,4479.4
CUST_01065,1429,28,21,0,1,2,1861.73
CUST_01066,1738,39,33,0,1,3,3485.23
CUST_01067,1895,47,38,0,2,1,3149.96
CUST_01068,824,36,32,0,0,3,6233.82
CUST_01069,1784,18,16,0,3,4,1948.41
CUST_01070,1908,1,1,0,2,1,2246.09
CUST_01071,878,10,2,1,0,1,1584.64
CUST_01072,1924,7,1,0,2,3,5784.0
CUST_01073,1806,35,30,0,1,4,6348.92
CUST_01074,570,25,25,3,3,4,5767.26
CUST_01075,1201,39,36,0,3,1,6356.32
CUST_01076,382,18,14,1,0,2,2165.77
CUST_01077,1296,39,39,0,3,4,1767.06
CUST_01078,109,26,21,1,1,2,3073.31
CUST_01079,130,48,45,1,1,3,1749.35
CUST_01080,1867,24,14,0,0,3,2293.48
CUST_01081,1704,20,14,0,3,3,3493.57
CUST_01082,1756,32,32,1,3,1,2012.05
CUST_01083,1809,15,7,0,0,3,4386.65
CUST_01084,1553,29,24,0,2,3,4798.99
CUST_01085,1522,27,26,0,0,1,4173.55
CUST_01086,414,29,22,0,0,4,8498.94
CUST_01087,1547,32,30,0,0,3,6665.97
CUST_01088,1711,4,4,0,0,2,3668.74
CUST_01089,164,20,18,0,2,4,1006.21
CUST_01090,307,50,48,0,3,1,4738.31
CUST_01091,385,13,6,1,1,1,3897.76
CUST_01092,540,3,3,2,0,1,1697.09
CUST_01093,1910,24,17,0,4,3,4658.29
CUST_01094,784,30,28,0,1,4,4084.4
CUST_01095,1331,8,0,1,1,2,1649.77
CUST_01096,792,32,31,0,2,4,4391.26
CUST_01097,393,31,30,0,3,3,1254.43
CUST_01098,735,11,5,0,3,1,4783.16
CUST_01099,613,2,1,0,2,1,1523.64
CUST_01100,363,37,30,0,2,2,1156.6
CUST_01101,1355,15,15,1,2,2,2880.03
CUST_01102,581,42,38,1,1,1,4197.98
CUST_01103,1800,50,50,0,0,1,7715.67
CUST_01104,1000,9,2,0,0,1,2326.39
CUST_01105,488,17,16,0,0,3,7651.45
CUST_01106,1489,46,46,0,3,3,1232.93
CUST_01107,897,25,20,0,3,4,6395.43
CUST_01108,546,14,11,2,1,3,6904.39
CUST_01109,1416,34,33,0,3,4,892.8
CUST_01110,1227,7,0,0,3,3,770.24
CUST_01111,1179,42,41,1,1,3,3973.43
CUST_01112,641,44,35,0,1,4,2535.77
CUST_01113,160,22,16,1,2,3,2046.01
CUST_01114,1794,18,12,0,2,3,4716.31
CUST_01115,415,10,8,0,2,2,5413.92
CUST_01116,1872,4,4,2,1,4,1260.89
CUST_01117,1382,21,21,2,1,2,5251.37
CUST_01118,1507,2,2,0,0,4,1980.06
CUST_01119,635,17,13,0,3,4,2351.76
CUST_01120,825,48,38,0,0,2,2642.55
CUST_01121,732,47,40,0,3,4,6094.0
CUST_01122,1886,43,38,0,2,3,5671.68
CUST_01123,1761,11,11,0,3,2,7803.67
CUST_01124,631,7,7,0,2,2,2390.91
CUST_01125,1547,17,15,0,1,2,2341.12
CUST_01126,1969,44,39,0,2,1,4198.48
CUST_01127,485,23,16,0,4,3,3099.84
CUST_01128,891,22,17,0,1,3,2400.05
CUST_01129,1229,19,16,0,3,1,3825.24
CUST_01130,993,4,4,0,1,1,7208.84
CUST_01131,997,13,11,1,2,1,1852.96
CUST_01132,1806,44,40,0,3,3,387.62
CUST_01133,876,4,1,0,3,2,4657.0
CUST_01134,440,22,18,0,0,4,9241.04
CUST_01135,323,21,13,0,2,1,3077.57
CUST_01136,1028,22,22,0,1,2,4611.85
CUST_01137,671,41,31,0,0,1,1576.07
CUST_01138,955,18,11,1,0,2,13029.65
CUST_01139,1210,49,41,0,3,4,1255.9
CUST_01140,1638,49,40,0,0,2,5827.18
CUST_01141,1288,28,28,1,1,4,5720.94
CUST_01142,856,28,25,1,1,4,4975.78
CUST_01143,39,3,1,0,2,3,5587.46
CUST_01144,1975,1,1,0,1,2,6575.82
CUST_01145,66,44,34,0,1,2,1224.16
CUST_01146,493,45,40,0,2,3,1245.01
CUST_01147,294,7,6,0,2,3,1046.06
CUST_01148,372,5,0,0,4,3,5834.88
CUST_01149,1972,19,16,1,2,3,1947.21
CUST_01150,918,44,36,2,1,3,4513.24
CUST_01151,1876,32,27,0,2,2,3060.51
CUST_01152,367,26,16,1,1,2,2461.56
CUST_01153,489,47,39,0,2,2,3054.61
CUST_01154,1533,2,2,1,0,2,12061.76
CUST_01155,282,24,24,0,0,1,3654.31
CUST_01156,798,41,35,0,2,1,5828.34
CUST_01157,1246,4,0,0,1,1,340.44
CUST_01158,128,45,36,1,2,4,3261.87
CUST_01159,939,25,16,0,2,3,2527.18
CUST_01160,1001,45,37,1,1,2,2242.13
CUST_01161,1453,44,44,0,2,1,1225.37
CUST_01162,646,27,27,1,0,1,4760.88
CUST_01163,1386,34,28,1,0,2,1302.27
CUST_01164,887,7,1,1,0,3,2497.55
CUST_01165,263,7,7,0,4,2,6342.15
CUST_01166,1277,13,7,0,2,2,2369.85
CUST_01167,763,46,42,1,1,3,1039.29
CUST_01168,358,3,3,1,1,2,3996.02
CUST_01169,1439,31,26,0,2,2,792.88
CUST_01170,35,1,0,0,1,1,2275.65
CUST_01171,1740,37,37,0,1,4,2780.98
CUST_01172,335,6,6,0,1,1,3879.87
CUST_01173,1511,47,38,1,1,3,8095.91
CUST_01174,1349,15,12,0,1,3,2222.52
CUST_01175,570,30,20,1,1,1,2347.01
CUST_01176,1695,12,2,1,1,3,5470.01
CUST_01177,767,44,39,0,1,4,2853.06
CUST_01178,1542,8,1,1,1,1,3529.35
CUST_01179,49,9,2,0,2,3,4498.5
CUST_01180,762,29,28,0,1,3,4600.03
CUST_01181,1829,47,38,0,2,3,2594.27
CUST_01182,1699,22,14,1,2,1,1607.88
CUST_01183,850,26,23,0,2,3,474.67
CUST_01184,1741,25,22,0,3,4,17752.95
CUST_01185,1358,11,2,0,0,2,1855.61
CUST_01186,1455,47,37,1,1,2,3987.36
CUST_01187,242,27,26,0,1,4,3407.18
CUST_01188,1673,37,37,0,0,4,2906.1
CUST_01189,401,40,36,0,1,3,3075.51
CUST_01190,1282,2,2,0,1,2,7186.47
CUST_01191,1019,32,23,0,1,4,2390.74
CUST_01192,932,3,0,1,2,3,2523.22
CUST_01193,1371,21,11,0,0,2,5976.84
CUST_01194,1987,43,38,2,0,1,7798.92
CUST_01195,916,43,36,0,1,4,3431.35
CUST_01196,738,43,43,0,2,4,2217.42
CUST_01197,334,36,35,1,1,1,2970.33
CUST_01198,53,42,34,0,1,4,1881.47
CUST_01199,1774,32,24,1,0,1,1137.25
CUST_01200,1568,32,27,0,2,2,1079.89
CUST_01201,707,18,8,0,0,2,1591.94
CUST_01202,1157,42,38,2,3,4,3686.4
CUST_01203,1703,16,7,0,6,4,9553.02
CUST_01204,939,37,34,1,0,1,3691.06
CUST_01205,1784,32,29,1,0,3,1207.86
CUST_01206,273,32,32,0,0,1,2696.52
CUST_01207,240,26,22,0,3,1,2305.1
CUST_01208,1171,36,26,1,4,1,2458.3
CUST_01209,1651,39,38,0,2,3,3158.91
CUST_01210,1852,33,31,0,1,2,1790.55
CUST_01211,1370,43,40,0,1,3,3526.79
CUST_01212,774,4,1,1,0,4,7166.65
CUST_01213,709,36,35,0,3,4,2384.81
CUST_01214,1497,43,38,1,3,4,1449.73
CUST_01215,263,7,3,1,2,1,2022.77
CUST_01216,729,23,23,0,1,3,7450.99
CUST_01217,1151,34,29,0,2,1,1288.74
CUST_01218,123,11,8,0,4,2,5546.69
CUST_01219,1713,46,42,0,2,1,2750.78
CUST_01220,550,40,33,0,0,2,4432.59
CUST_01221,277,26,19,0,2,4,5248.12
CUST_01222,1718,13,8,0,0,1,1646.41
CUST_01223,1580,27,17,0,1,1,7639.01
CUST_01224,1611,29,26,1,0,2,7370.8
CUST_01225,1051,1,0,0,3,4,2020.68
CUST_01226,1747,38,35,0,3,2,3026.94
CUST_01227,1446,38,30,1,0,2,976.74
CUST_01228,242,25,25,0,2,3,2572.86
CUST_01229,1062,25,21,0,3,2,4972.61
CUST_01230,590,26,21,2,1,3,4345.54
CUST_01231,957,9,2,0,2,4,1617.03
CUST_01232,1263,45,43,0,0,3,5848.12
CUST_01233,1756,45,43,0,3,3,697.75
CUST_01234,1487,48,46,0,3,2,2935.33
CUST_01235,441,14,13,1,2,3,4897.83
CUST_01236,1436,23,23,0,2,2,3021.84
CUST_01237,1484,42,34,0,1,3,3294.68
CUST_01238,1484,8,5,0,2,4,3493.64
CUST_01239,1223,37,37,0,1,4,4567.26
CUST_01240,1410,48,46,2,3,3,1003.49
CUST_01241,1827,28,18,0,0,1,885.87
CUST_01242,81,25,17,0,1,1,3480.9
CUST_01243,1402,4,1,0,3,3,6927.24
CUST_01244,1566,11,5,1,2,3,3387.26
CUST_01245,329,4,2,0,1,2,1219.95
CUST_01246,1573,35,25,1,1,3,1667.11
CUST_01247,1697,29,20,0,1,2,6125.03
CUST_01248,1550,42,40,0,4,4,4235.17
CUST_01249,516,33,27,0,0,1,2129.3
CUST_01250,1927,25,21,0,0,4,17633.7
CUST_01251,1989,44,39,0,2,1,9617.65
CUST_01252,56,48,42,0,1,2,1973.14
CUST_01253,1300,50,47,0,1,2,2489.07
CUST_01254,1896,41,41,0,1,3,2839.14
CUST_01255,1576,38,36,0,1,2,3310.05
CUST_01256,1619,47,40,1,0,3,3192.24
CUST_01257,949,12,12,1,2,1,4169.93
CUST_01258,412,12,10,1,1,1,4965.45
CUST_01259,802,3,3,1,0,3,2214.03
CUST_01260,1169,17,9,1,2,2,6251.74
CUST_01261,1226,17,7,0,1,3,2775.28
CUST_01262,985,46,38,0,0,1,5960.83
CUST_01263,344,21,20,2,1,1,3281.8
CUST_01264,1614,41,40,0,1,3,22987.86
CUST_01265,1034,37,35,0,1,3,5198.99
CUST_01266,179,46,41,0,0,2,5893.09
CUST_01267,1989,12,10,2,1,1,1333.82
CUST_01268,1640,33,25,0,2,4,3566.2
CUST_01269,1142,35,31,0,1,1,3474.0
CUST_01270,745,15,8,1,1,3,2181.08
CUST_01271,708,24,18,2,0,2,1567.78
CUST_01272,1976,49,48,0,0,4,10014.79
CUST_01273,1179,49,49,0,2,1,6127.91
CUST_01274,264,43,38,1,0,4,2354.71
CUST_01275,522,42,41,0,3,2,6713.58
CUST_01276,1993,3,2,0,0,4,2091.89
CUST_01277,1905,8,6,0,2,3,3836.35
CUST_01278,1136,47,41,0,0,1,4242.9
CUST_01279,1896,34,29,0,1,4,3045.81
CUST_01280,1026,3,2,1,1,2,583.7
CUST_01281,686,33,24,0,1,1,4537.58
CUST_01282,372,50,48,0,2,1,5828.72
CUST_01283,1313,5,1,0,2,2,3381.04
CUST_01284,1801,44,40,0,3,1,5358.73
CUST_01285,451,35,31,1,4,1,1516.18
CUST_01286,1559,44,36,0,1,1,2044.68
CUST_01287,970,46,41,0,0,1,4575.15
CUST_01288,209,5,0,0,3,2,890.72
CUST_01289,1656,17,15,0,1,1,2312.42
CUST_01290,1207,15,9,1,0,4,1622.72
CUST_01291,824,29,29,0,2,4,7357.91
CUST_01292,916,21,11,0,1,4,18242.99
CUST_01293,1408,8,8,0,1,1,1064.92
CUST_01294,1343,47,46,0,0,1,1231.59
CUST_01295,1578,48,47,1,4,1,6532.82
CUST_01296,1465,5,2,0,2,1,2065.24
CUST_01297,623,44,38,0,3,1,4853.36
CUST_01298,606,49,46,0,1,4,3623.37
CUST_01299,839,43,33,2,0,4,1042.81
CUST_01300,350,35,28,0,1,2,2338.59
CUST_01301,1559,26,24,1,1,3,1882.43
CUST_01302,1996,41,33,2,1,3,2484.39
CUST_01303,1417,47,47,0,0,3,4713.35
CUST_01304,1990,1,0,0,2,1,3181.83
CUST_01305,115,1,1,0,4,1,966.17
CUST_01306,654,14,9,0,1,2,1829.66
CUST_01307,875,42,40,0,2,2,1736.77
CUST_01308,359,12,5,0,2,3,2103.64
CUST_01309,427,8,2,1,2,1,3772.82
CUST_01310,1773,49,47,0,1,4,5655.89
CUST_01311,1350,36,27,1,1,3,2459.32
CUST_01312,1405,5,2,0,2,1,638.51
CUST_01313,434,47,46,2,2,4,951.07
CUST_01314,1978,22,17,0,2,2,1582.14
CUST_01315,1404,42,35,0,1,1,2526.85
CUST_01316,613,40,31,0,3,2,2369.94
CUST_01317,680,32,29,0,2,3,1383.88
CUST_01318,1292,43,37,0,4,2,2842.64
CUST_01319,1188,37,32,2,1,3,4730.52
CUST_01320,1993,28,20,0,1,1,1406.38
CUST_01321,671,16,9,0,2,4,7674.9
CUST_01322,596,24,16,0,2,3,1034.04
CUST_01323,1827,31,28,0,0,4,1174.39
CUST_01324,764,50,44,0,0,4,648.99
CUST_01325,1159,7,2,0,3,1,6402.68
CUST_01326,1753,18,10,0,2,2,1060.48
CUST_01327,569,47,47,2,1,1,1297.98
CUST_01328,1519,5,0,0,2,1,2257.18
CUST_01329,1694,38,37,0,2,4,2061.99
CUST_01330,1605,38,31,1,1,1,2066.26
CUST_01331,1159,17,15,0,3,4,1501.42
CUST_01332,1369,50,42,0,3,3,2258.94
CUST_01333,833,15,14,0,2,3,1737.43
CUST_01334,304,30,28,0,0,1,861.11
CUST_01335,842,24,22,0,1,1,3995.81
CUST_01336,1387,16,15,0,2,2,3834.04
CUST_01337,1580,33,25,0,1,4,5059.21
CUST_01338,356,12,11,0,2,2,2552.12
CUST_01339,1537,47,44,0,2,3,9830.2
CUST_01340,112,15,12,1,1,2,1372.41
CUST_01341,158,17,12,0,0,2,2905.58
CUST_01342,117,43,36,0,2,3,4730.35
CUST_01343,824,31,28,2,0,1,8611.13
CUST_01344,111,42,37,0,1,1,3894.08
CUST_01345,1471,34,34,0,2,3,4599.87
CUST_01346,1739,48,42,1,2,2,670.76
CUST_01347,801,42,38,1,1,3,2235.64
CUST_01348,1233,42,33,0,1,3,6094.46
CUST_01349,800,15,13,0,0,4,6943.74
CUST_01350,752,23,20,0,3,4,618.95
CUST_01351,1846,39,29,0,4,2,1428.17
CUST_01352,930,11,4,0,0,1,506.62
CUST_01353,1083,42,36,1,1,2,3277.69
CUST_01354,337,12,4,0,2,3,4963.98
CUST_01355,1262,46,37,0,0,2,4243.77
CUST_01356,879,22,13,0,1,4,4621.97
CUST_01357,1412,31,28,0,1,2,5051.26
CUST_01358,1239,11,11,0,0,4,1938.8
CUST_01359,75,16,6,0,1,2,2556.13
CUST_01360,1204,38,30,1,4,2,1898.32
CUST_01361,1319,33,23,0,2,2,1258.02
CUST_01362,144,11,5,0,2,2,5806.44
CUST_01363,1088,26,25,0,2,1,2112.51
CUST_01364,1829,47,47,0,0,3,7552.54
CUST_01365,1969,6,1,1,1,4,2851.21
CUST_01366,1272,31,28,1,2,2,1079.6
CUST_01367,479,27,26,0,1,2,3047.4
CUST_01368,1657,38,30,1,0,3,4832.17
CUST_01369,373,47,47,0,0,3,1271.26
CUST_01370,1918,30,29,0,1,1,2963.1
CUST_01371,500,25,21,0,0,2,1160.12
CUST_01372,252,2,0,0,3,4,3013.86
CUST_01373,1722,10,9,1,2,1,6838.35
CUST_01374,393,31,30,0,0,1,8762.41
CUST_01375,1827,35,33,0,2,1,6551.52
CUST_01376,220,31,31,1,1,2,880.12
CUST_01377,1877,39,37,0,0,1,3227.22
CUST_01378,1866,50,50,0,0,4,4110.48
CUST_01379,1099,27,22,0,1,1,9263.8
CUST_01380,1458,34,30,1,0,2,1933.87
CUST_01381,1951,31,27,0,2,3,4729.96
CUST_01382,1236,48,47,1,2,1,10265.65
CUST_01383,901,9,4,0,0,4,1547.64
CUST_01384,1598,15,6,1,2,3,1301.55
CUST_01385,1255,35,31,0,4,3,1775.18
CUST_01386,417,1,0,2,0,1,5460.94
CUST_01387,1094,1,1,0,2,2,5169.26
CUST_01388,1438,21,17,0,1,3,2014.89
CUST_01389,248,10,6,0,2,3,6314.08
CUST_01390,565,35,31,0,2,3,6054.5
CUST_01391,1283,18,18,0,2,4,2267.32
CUST_01392,1576,14,10,0,2,4,3531.55
CUST_01393,396,24,22,0,1,4,4845.21
CUST_01394,549,20,19,0,2,3,4922.7
CUST_01395,1615,46,42,0,2,2,1184.08
CUST_01396,1781,43,34,1,0,2,3023.21
CUST_01397,944,45,37,3,0,1,1473.14
CUST_01398,469,33,29,1,1,3,3082.44
CUST_01399,1670,36,35,0,2,1,3127.1
CUST_01400,359,25,25,0,4,1,877.85
CUST_01401,1677,6,6,1,0,2,4630.51
CUST_01402,995,39,35,2,2,1,2391.29
CUST_01403,161,17,10,0,0,3,725.18
CUST_01404,193,39,29,0,3,4,4377.29
CUST_01405,1936,26,25,2,1,3,3261.82
CUST_01406,1487,39,29,1,3,2,2340.3
CUST_01407,1341,32,29,1,1,1,956.6
CUST_01408,443,43,41,0,1,3,2300.92
CUST_01409,428,3,1,1,0,2,2382.56
CUST_01410,1410,3,2,0,2,2,553.6
CUST_01411,1371,1,0,0,2,1,3459.83
CUST_01412,595,50,46,0,1,3,2359.58
CUST_01413,1401,26,22,0,1,2,25923.96
CUST_01414,1090,1,0,0,3,1,3626.94
CUST_01415,1155,19,17,0,1,3,608.72
CUST_01416,741,18,11,0,0,2,2574.67
CUST_01417,961,26,25,0,2,1,5863.96
CUST_01418,564,12,8,0,2,1,1856.72
CUST_01419,1174,5,4,0,0,3,1788.43
CUST_01420,726,8,8,1,2,3,11873.66
CUST_01421,1824,35,34,0,0,3,4857.65
CUST_01422,1451,29,25,0,1,4,1660.27
CUST_01423,1606,16,11,2,1,4,4105.68
CUST_01424,1425,30,29,1,2,1,12948.76
CUST_01425,1017,8,4,0,1,1,3671.01
CUST_01426,813,41,34,0,0,2,3286.73
CUST_01427,1668,21,17,0,1,3,3886.19
CUST_01428,1087,35,25,0,2,3,4850.15
CUST_01429,538,19,10,0,2,4,3657.51
CUST_01430,1409,48,43,0,0,1,4773.16
CUST_01431,1165,12,9,0,0,3,3094.09
CUST_01432,754,14,13,0,1,3,1678.07
CUST_01433,404,48,48,0,0,2,3052.16
CUST_01434,1051,48,41,1,0,2,3597.58
CUST_01435,1536,16,10,1,2,2,3335.62
CUST_01436,499,13,6,0,0,3,7734.86
CUST_01437,349,50,41,0,2,1,3391.46
CUST_01438,1914,6,5,0,1,4,2221.59
CUST_01439,1287,1,0,0,2,4,1075.34
CUST_01440,790,40,35,0,1,4,11004.85
CUST_01441,1869,37,31,0,1,4,1598.36
CUST_01442,404,49,47,1,1,3,4625.44
CUST_01443,844,15,14,0,0,2,6359.14
CUST_01444,140,34,30,0,1,4,1235.35
CUST_01445,1954,35,25,0,0,3,1881.84
CUST_01446,836,44,36,0,0,4,1829.13
CUST_01447,276,45,43,0,0,4,3836.28
CUST_01448,676,45,35,0,2,1,1575.85
CUST_01449,1410,14,10,0,0,1,554.15
CUST_01450,696,24,23,0,4,3,7900.8
CUST_01451,413,36,30,0,1,2,4910.94
CUST_01452,581,31,30,0,1,3,2539.91
CUST_01453,779,12,9,1,1,4,3060.33
CUST_01454,461,27,22,0,2,3,6401.35
CUST_01455,1779,26,20,1,1,4,2635.18
CUST_01456,398,37,29,0,3,2,391.64
CUST_01457,1697,7,4,1,1,2,6387.07
CUST_01458,1167,28,24,0,0,2,3451.7
CUST_01459,328,48,40,1,3,4,3341.4
CUST_01460,1680,1,0,1,1,4,1416.93
CUST_01461,1053,9,8,3,0,3,6813.72
CUST_01462,1638,32,26,0,1,3,3953.25
CUST_01463,1181,37,27,0,1,4,9618.17
CUST_01464,232,45,37,0,2,1,4061.16
CUST_01465,471,17,14,0,1,1,2429.76
CUST_01466,951,48,43,0,3,3,2247.04
CUST_01467,769,24,22,0,1,3,3274.86
CUST_01468,734,2,1,1,0,1,1893.51
CUST_01469,749,44,43,1,4,2,13987.14
CUST_01470,1211,37,37,0,0,2,1966.39
CUST_01471,1628,19,14,0,3,3,3776.56
CUST_01472,1408,33,30,0,2,4,1969.3
CUST_01473,1851,6,3,1,1,3,4076.06
CUST_01474,979,41,33,0,0,2,1906.43
CUST_01475,1341,22,18,0,4,4,12015.58
CUST_01476,1768,5,0,0,2,2,3924.68
CUST_01477,733,15,10,0,3,3,5750.87
CUST_01478,1367,19,13,0,2,4,1266.23
CUST_01479,585,29,24,0,0,4,1044.34
CUST_01480,877,11,3,0,1,1,6636.39
CUST_01481,286,47,40,1,1,3,6621.3
CUST_01482,1956,48,39,1,2,2,1659.11
CUST_01483,371,26,17,1,4,1,17060.63
CUST_01484,160,31,29,0,2,1,2458.77
CUST_01485,83,50,46,0,1,1,2891.5
CUST_01486,242,17,16,0,1,2,2229.89
CUST_01487,202,42,38,0,2,3,5452.23
CUST_01488,499,16,10,0,0,4,910.07
CUST_01489,1313,9,2,0,4,2,13924.56
CUST_01490,88,3,2,0,3,3,2323.28
CUST_01491,1799,31,28,0,3,3,3785.19
CUST_01492,1153,29,21,1,3,2,8520.18
CUST_01493,1240,39,36,0,0,4,3085.69
CUST_01494,1102,41,41,0,1,3,4942.93
CUST_01495,1891,23,20,1,1,2,2347.45
CUST_01496,1678,6,3,0,3,3,4333.72
CUST_01497,779,27,21,0,2,2,1169.58
CUST_01498,651,1,0,0,0,2,7598.15
CUST_01499,734,19,16,0,3,1,1202.57
CUST_01500,1438,32,29,0,0,3,1881.74
CUST_01501,48,50,46,1,3,3,3939.91
CUST_01502,1252,15,5,0,0,3,3539.65
CUST_01503,416,27,25,0,3,4,3509.15
CUST_01504,838,16,8,1,1,4,1803.27
CUST_01505,1726,25,18,0,0,3,1592.81
CUST_01506,192,28,28,0,1,2,6272.92
CUST_01507,1088,49,48,1,1,3,1748.8
CUST_01508,613,42,40,0,1,3,3904.28
CUST_01509,875,13,4,0,2,2,1748.87
CUST_01510,309,19,10,0,3,4,3453.89
CUST_01511,1295,29,23,0,0,4,3049.03
CUST_01512,414,21,11,1,1,2,10632.01
CUST_01513,131,35,25,0,3,2,2123.92
CUST_01514,239,19,13,1,2,2,2886.64
CUST_01515,1494,29,19,1,2,2,11209.69
CUST_01516,214,10,0,1,1,4,1605.83
CUST_01517,474,22,18,0,1,3,1804.12
CUST_01518,1639,32,27,0,2,4,2342.07
CUST_01519,1457,3,2,0,0,1,1056.07
CUST_01520,1757,49,41,0,2,1,2291.23
CUST_01521,575,50,46,0,1,1,9005.64
CUST_01522,1142,31,23,0,3,2,1942.57
CUST_01523,1864,17,13,0,0,1,1164.23
CUST_01524,279,50,43,1,2,4,2259.91
CUST_01525,1609,29,22,0,2,1,2856.16
CUST_01526,437,30,21,1,2,2,1764.88
CUST_01527,998,25,25,0,1,3,1860.03
CUST_01528,1947,21,13,0,1,1,5827.11
CUST_01529,1555,36,34,0,0,1,1061.26
CUST_01530,548,31,31,1,1,3,6098.26
CUST_01531,436,24,14,0,1,2,14828.97
CUST_01532,261,16,16,0,2,4,11017.31
CUST_01533,694,1,0,0,2,3,2135.41
CUST_01534,1227,8,6,0,1,2,1196.06
CUST_01535,48,3,3,0,2,2,4132.88
CUST_01536,790,50,41,0,2,2,5182.33
CUST_01537,352,32,23,0,1,3,3654.97
CUST_01538,1936,49,49,0,2,1,2311.15
CUST_01539,152,23,23,0,0,2,1756.07
CUST_01540,1466,35,26,0,2,2,3836.47
CUST_01541,1029,15,10,0,0,3,1951.91
CUST_01542,1679,29,22,1,1,1,4223.64
CUST_01543,1441,25,20,0,0,2,18892.44
CUST_01544,543,3,3,0,1,4,3682.37
CUST_01545,1174,19,17,0,1,4,1476.74
CUST_01546,418,37,29,0,2,3,2363.87
CUST_01547,692,47,44,1,1,3,3137.98
CUST_01548,1806,39,37,0,1,2,5873.11
CUST_01549,171,34,26,0,2,4,15904.29
CUST_01550,635,17,15,0,1,3,1742.08
CUST_01551,959,1,1,0,3,2,3058.04
CUST_01552,1838,2,2,0,4,3,5640.45
CUST_01553,1619,40,33,0,1,3,8218.76
CUST_01554,1506,5,5,1,3,4,2390.94
CUST_01555,418,34,34,0,1,4,1620.7
CUST_01556,1598,36,28,0,1,3,1852.18
CUST_01557,690,27,27,1,0,3,3255.96
CUST_01558,256,7,1,0,1,1,5138.88
CUST_01559,1740,9,2,1,3,1,6444.17
CUST_01560,443,7,7,0,3,2,4921.84
CUST_01561,232,3,3,2,1,4,2076.02
CUST_01562,1106,40,39,0,2,3,4597.75
CUST_01563,130,24,17,0,0,1,2751.24
CUST_01564,56,14,14,0,4,4,3161.7
CUST_01565,1931,6,3,0,2,1,2695.77
CUST_01566,769,36,32,1,2,3,2655.65
CUST_01567,1656,46,36,0,2,3,2953.27
CUST_01568,1113,3,0,0,2,3,2345.15
CUST_01569,189,14,12,0,3,1,7888.64
CUST_01570,237,47,40,0,1,4,10416.46
CUST_01571,418,13,11,0,0,2,3714.93
CUST_01572,1197,41,33,0,2,4,1855.08
CUST_01573,1558,7,5,2,4,4,2491.2
CUST_01574,1468,43,39,0,3,1,1169.17
CUST_01575,371,12,10,1,0,4,9809.4
CUST_01576,1063,22,22,1,2,2,2906.13
CUST_01577,1123,39,36,0,1,3,1867.23
CUST_01578,1878,21,19,0,1,3,2064.47
CUST_01579,1760,24,20,0,1,4,4995.73
CUST_01580,1721,47,42,0,3,2,1818.71
CUST_01581,1183,35,28,0,2,4,3847.55
CUST_01582,1598,36,30,0,2,3,1851.74
CUST_01583,1999,29,26,0,2,4,7419.1
CUST_01584,30,47,37,0,2,3,3282.51
CUST_01585,1250,2,2,1,3,2,1919.71
CUST_01586,1853,20,10,0,1,3,476.9
CUST_01587,484,14,9,1,0,1,4246.01
CUST_01588,1610,45,39,0,1,2,4313.43
CUST_01589,223,3,3,0,1,3,1743.71
CUST_01590,349,9,4,0,2,3,2158.38
CUST_01591,1851,38,31,1,1,2,1038.4
CUST_01592,554,20,11,1,1,4,1475.86
CUST_01593,1195,14,5,0,2,3,1279.94
CUST_01594,1653,31,23,0,0,4,5252.08
CUST_01595,1721,45,44,0,0,1,4322.02
CUST_01596,1249,42,36,0,1,1,1873.56
CUST_01597,1526,37,33,0,1,1,6161.2
CUST_01598,1627,4,2,1,0,3,1576.02
CUST_01599,1831,28,24,1,1,1,3520.76
CUST_01600,1811,50,43,0,0,1,1484.5
CUST_01601,1328,50,50,0,2,4,10663.8
CUST_01602,140,20,18,1,0,1,4031.56
CUST_01603,683,35,34,1,0,2,879.02
CUST_01604,699,33,26,0,0,2,1563.75
CUST_01605,133,44,40,0,4,4,1226.49
CUST_01606,1571,39,38,1,3,1,10411.0
CUST_01607,484,28,22,0,1,4,1266.16
CUST_01608,333,9,5,0,2,1,8080.75
CUST_01609,1004,37,27,0,3,4,812.21
CUST_01610,567,6,3,0,3,4,1108.25
CUST_01611,1614,45,37,0,2,2,3022.14
CUST_01612,1014,36,29,2,0,4,1699.86
CUST_01613,839,42,41,1,2,2,4182.42
CUST_01614,1179,40,38,0,1,2,4384.95
CUST_01615,526,5,2,0,0,4,2076.36
CUST_01616,692,44,43,0,2,1,1456.4
CUST_01617,260,43,39,0,2,4,3920.0
CUST_01618,778,23,16,1,0,3,4479.41
CUST_01619,735,39,39,1,1,1,2703.06
CUST_01620,1606,20,12,2,3,3,3245.76
CUST_01621,1292,29,28,1,2,2,4481.28
CUST_01622,932,3,1,0,0,2,4278.62
CUST_01623,1433,24,16,0,3,1,13361.13
CUST_01624,260,48,38,1,2,2,2145.58
CUST_01625,1973,40,32,0,1,3,2436.86
CUST_01626,58,22,13,0,2,3,3538.74
CUST_01627,951,31,21,0,2,3,2563.04
CUST_01628,458,48,46,0,2,2,1307.1
CUST_01629,447,35,33,0,1,3,4294.9
CUST_01630,1153,31,30,0,2,2,458.07
CUST_01631,1453,45,45,0,2,1,3439.53
CUST_01632,801,38,38,0,5,1,1714.51
CUST_01633,553,11,1,2,3,3,3111.06
CUST_01634,441,45,44,0,2,3,957.45
CUST_01635,138,30,30,0,0,1,8606.73
CUST_01636,166,25,25,0,1,3,3973.78
CUST_01637,1387,43,38,0,0,1,2263.42
CUST_01638,69,19,19,0,2,4,1748.14
CUST_01639,503,25,23,0,1,1,2392.06
CUST_01640,1881,21,18,0,2,1,975.65
CUST_01641,411,13,11,0,2,4,4610.32
CUST_01642,1178,46,36,1,2,1,10585.38
CUST_01643,536,34,28,1,1,3,1225.98
CUST_01644,1033,26,18,1,3,1,8736.89
CUST_01645,740,44,39,1,2,3,2179.71
CUST_01646,1310,20,13,0,2,3,888.59
CUST_01647,1692,4,2,0,2,4,3296.56
CUST_01648,1853,2,2,2,0,3,2809.33
CUST_01649,491,10,5,0,1,4,2390.63
CUST_01650,1375,9,1,0,1,4,3596.21
CUST_01651,1096,44,43,2,0,2,1788.81
CUST_01652,884,16,15,0,2,2,859.39
CUST_01653,903,20,19,1,2,3,4291.89
CUST_01654,949,35,27,1,1,2,1400.14
CUST_01655,1366,9,9,2,2,2,2503.49
CUST_01656,1796,9,4,0,0,2,1320.64
CUST_01657,910,50,42,0,4,2,8135.7
CUST_01658,680,5,4,0,1,1,3638.51
CUST_01659,407,21,13,1,4,1,3764.46
CUST_01660,1597,21,17,1,1,4,520.63
CUST_01661,651,29,29,1,2,3,2145.25
CUST_01662,341,50,43,0,2,1,3416.77
CUST_01663,299,12,2,1,3,3,2742.27
CUST_01664,1270,37,36,0,1,2,5674.99
CUST_01665,1251,15,8,0,2,1,1528.08
CUST_01666,765,6,5,0,0,4,4284.47
CUST_01667,304,33,32,0,2,4,765.79
CUST_01668,1488,42,37,1,3,2,561.47
CUST_01669,1775,25,22,0,3,4,3652.56
CUST_01670,311,11,4,0,3,2,660.31
CUST_01671,96,27,17,0,2,3,5489.03
CUST_01672,1976,27,20,0,2,2,3739.94
CUST_01673,1581,14,5,0,2,2,6914.34
CUST_01674,1928,29,28,0,1,4,2999.35
CUST_01675,1438,21,18,1,2,2,2801.8
CUST_01676,905,26,16,0,3,4,2169.55
CUST_01677,1504,21,17,0,2,1,3582.33
CUST_01678,1096,7,7,0,1,4,904.1
CUST_01679,1723,3,1,1,0,4,1100.05
CUST_01680,1535,3,3,0,1,1,2165.74
CUST_01681,418,19,16,0,0,4,753.57
CUST_01682,1841,20,14,0,2,4,1057.01
CUST_01683,370,28,22,1,1,1,1046.41
CUST_01684,1443,34,26,0,1,4,2955.41
CUST_01685,1729,42,39,1,0,1,3905.65
CUST_01686,1509,33,24,0,1,2,1308.12
CUST_01687,1624,38,36,0,0,2,2415.87
CUST_01688,835,27,22,0,1,4,1198.86
CUST_01689,81,12,9,0,3,2,5006.69
CUST_01690,1837,30,21,1,1,3,3258.26
CUST_01691,693,45,45,0,2,2,5405.27
CUST_01692,1501,47,38,0,3,1,4604.91
CUST_01693,263,46,43,0,3,3,1721.11
CUST_01694,204,34,30,0,3,2,4903.63
CUST_01695,805,36,32,0,1,1,1631.16
CUST_01696,1603,11,6,0,2,2,5387.16
CUST_01697,362,10,2,0,0,1,9742.81
CUST_01698,889,20,14,0,1,4,8792.61
CUST_01699,621,41,33,0,1,1,3503.4
CUST_01700,1870,9,3,0,1,1,1656.93
CUST_01701,1305,49,43,2,1,1,2254.09
CUST_01702,969,32,29,1,1,1,2966.9
CUST_01703,1275,32,25,1,0,2,1319.71
CUST_01704,1235,43,40,0,1,4,2320.2
CUST_01705,869,29,20,0,1,1,1843.5
CUST_01706,531,36,30,0,2,2,6730.22
CUST_01707,130,12,4,0,2,1,3569.43
CUST_01708,1367,23,13,1,0,2,1916.79
CUST_01709,1778,3,2,1,1,3,1399.77
CUST_01710,1914,6,0,0,1,1,3022.09
CUST_01711,883,12,4,0,4,3,2206.7
CUST_01712,1281,43,42,1,3,2,1198.98
CUST_01713,962,48,47,0,1,3,6044.89
CUST_01714,1937,3,0,0,1,3,1173.64
CUST_01715,691,24,20,0,2,1,19280.19
CUST_01716,1583,28,26,1,2,1,3190.74
CUST_01717,629,31,23,1,3,1,2130.7
CUST_01718,1452,18,13,1,0,4,2918.49
CUST_01719,1104,14,7,0,0,1,11366.25
CUST_01720,253,37,37,0,3,1,6733.44
CUST_01721,1020,47,46,1,2,3,2455.73
CUST_01722,904,39,34,0,0,3,1862.72
CUST_01723,1106,37,36,0,1,3,5983.15
CUST_01724,1928,9,9,1,1,4,1988.72
CUST_01725,1094,47,47,0,2,4,2451.49
CUST_01726,1038,12,11,0,1,2,2973.65
CUST_01727,1481,19,12,0,4,1,9186.96
CUST_01728,272,2,1,0,4,1,7688.01
CUST_01729,1540,14,13,1,0,4,14339.09
CUST_01730,877,3,2,1,2,3,442.23
CUST_01731,1177,41,34,0,1,1,9275.7
CUST_01732,1341,13,7,0,0,3,9357.17
CUST_01733,1648,5,2,1,1,3,6200.47
CUST_01734,1067,36,31,0,0,1,9150.36
CUST_01735,263,44,39,1,1,3,6018.44
CUST_01736,841,47,46,1,3,1,2410.43
CUST_01737,1734,12,5,0,2,3,783.41
CUST_01738,1737,22,22,0,4,4,5108.68
CUST_01739,1906,31,21,0,1,2,11698.02
CUST_01740,1016,10,10,0,2,4,4821.64
CUST_01741,1856,35,30,0,1,4,2717.85
CUST_01742,1635,27,17,0,2,3,1716.85
CUST_01743,1187,47,47,0,3,3,4407.69
CUST_01744,1167,35,25,1,1,2,2671.69
CUST_01745,1212,44,39,0,1,3,1230.03
CUST_01746,165,10,4,1,4,1,3101.04
CUST_01747,724,25,25,0,1,2,2848.16
CUST_01748,1199,39,35,0,1,2,20051.6
CUST_01749,1248,8,4,0,0,3,2555.46
CUST_01750,1483,3,2,0,1,4,2726.61
CUST_01751,207,32,25,0,2,3,3370.01
CUST_01752,955,20,13,0,1,3,771.13
CUST_01753,388,8,5,1,2,1,2644.38
CUST_01754,1622,13,4,1,2,4,7137.87
CUST_01755,1066,2,1,0,2,2,2133.49
CUST_01756,419,22,19,0,4,3,2889.32
CUST_01757,1618,21,13,0,1,1,1806.82
CUST_01758,1713,34,34,0,4,2,1833.67
CUST_01759,450,47,37,0,1,4,3702.67
CUST_01760,823,46,44,0,1,1,4158.99
CUST_01761,38,20,10,1,2,1,2275.95
CUST_01762,712,30,20,0,2,1,699.27
CUST_01763,1096,50,50,0,1,3,1297.28
CUST_01764,76,37,31,0,2,2,11994.15
CUST_01765,687,13,6,1,0,3,2649.45
CUST_01766,596,35,30,0,2,4,4548.5
CUST_01767,1404,8,4,0,1,2,2003.89
CUST_01768,352,18,9,2,2,1,4654.87
CUST_01769,1992,40,38,0,5,1,5030.18
CUST_01770,453,35,30,0,3,3,3672.08
CUST_01771,585,10,4,1,2,2,3629.54
CUST_01772,380,5,2,0,1,3,8456.74
CUST_01773,1137,29,19,0,1,2,3010.33
CUST_01774,89,31,31,1,1,1,4423.35
CUST_01775,246,25,15,0,2,1,2955.93
CUST_01776,903,26,18,0,0,4,1360.3
CUST_01777,1292,23,17,1,3,3,1920.41
CUST_01778,1704,13,13,3,1,1,7335.4
CUST_01779,1919,49,46,0,1,2,2613.19
CUST_01780,220,45,42,0,1,1,2328.83
CUST_01781,963,20,20,0,0,4,778.88
CUST_01782,993,15,8,0,4,2,1064.45
CUST_01783,1793,40,34,3,3,3,4931.6
CUST_01784,832,12,12,1,3,3,10655.59
CUST_01785,1645,21,18,0,5,4,2374.57
CUST_01786,91,5,3,0,3,1,2845.25
CUST_01787,749,31,28,0,2,2,5616.55
CUST_01788,608,50,45,0,2,2,2545.13
CUST_01789,1070,7,6,1,2,1,2962.31
CUST_01790,697,36,36,1,3,1,1535.79
CUST_01791,1652,20,18,1,1,4,2672.92
CUST_01792,850,38,34,0,1,2,2847.39
CUST_01793,1301,16,14,1,1,2,2165.29
CUST_01794,1017,25,16,0,2,3,3779.31
CUST_01795,456,45,44,1,1,4,2175.08
CUST_01796,1636,28,27,0,2,3,1756.01
CUST_01797,1145,45,38,1,1,2,4650.5
CUST_01798,1387,43,34,1,4,4,2745.27
CUST_01799,264,38,37,0,2,4,4597.96
CUST_01800,696,36,27,2,1,4,3174.32
CUST_01801,390,20,16,0,2,1,1959.12
CUST_01802,1255,7,6,0,1,3,3977.33
CUST_01803,1042,42,42,0,1,1,1587.14
CUST_01804,215,14,6,0,0,1,8051.54
CUST_01805,1580,10,10,1,2,2,3602.15
CUST_01806,957,35,29,0,0,4,5577.47
CUST_01807,1290,37,34,2,2,2,2354.76
CUST_01808,451,44,39,1,0,3,8655.05
CUST_01809,1197,44,38,0,2,4,4143.67
CUST_01810,1500,23,14,1,0,1,11856.61
CUST_01811,1282,33,29,2,2,2,5388.9
CUST_01812,1775,19,9,0,0,3,2346.07
CUST_01813,1875,36,26,1,0,1,4053.78
CUST_01814,1470,36,31,0,2,1,5341.31
CUST_01815,1793,19,9,0,2,2,3893.05
CUST_01816,914,45,44,1,0,4,7753.26
CUST_01817,1310,21,17,1,1,4,5935.74
CUST_01818,811,28,26,0,0,2,2525.69
CUST_01819,1386,12,9,0,1,2,6226.36
CUST_01820,415,36,32,1,4,3,3191.36
CUST_01821,1750,27,19,1,0,3,2939.68
CUST_01822,1817,43,35,0,0,2,2506.1
CUST_01823,53,5,5,1,1,1,2371.85
CUST_01824,324,47,44,0,1,4,1313.37
CUST_01825,308,6,1,0,0,4,6723.78
CUST_01826,1791,30,29,0,1,4,5154.68
CUST_01827,1306,12,9,0,1,4,5245.27
CUST_01828,1160,29,25,0,2,3,3051.08
CUST_01829,492,12,8,1,4,1,1416.09
CUST_01830,1213,32,25,0,1,3,6094.47
CUST_01831,871,35,34,0,0,3,1677.72
CUST_01832,98,3,3,0,1,3,4342.75
CUST_01833,261,38,35,0,0,1,1304.17
CUST_01834,320,47,45,0,1,3,1331.18
CUST_01835,982,34,25,0,1,1,5788.91
CUST_01836,532,31,31,0,2,1,2406.27
CUST_01837,1430,41,39,1,5,3,11418.89
CUST_01838,1285,4,2,1,4,1,2327.88
CUST_01839,990,30,28,0,0,4,5318.04
CUST_01840,1205,47,42,2,0,4,1034.42
CUST_01841,752,19,13,0,0,2,3028.31
CUST_01842,102,45,44,0,1,3,605.29
CUST_01843,1518,37,31,0,2,1,9976.48
CUST_01844,1318,31,30,0,2,2,3246.36
CUST_01845,1203,4,2,0,1,1,3333.87
CUST_01846,617,32,23,0,0,2,1269.65
CUST_01847,1065,5,2,1,0,3,10384.13
CUST_01848,301,40,34,0,1,3,2507.05
CUST_01849,1786,17,7,0,2,1,5909.29
CUST_01850,1266,12,11,0,2,2,2782.67
CUST_01851,1379,29,24,1,2,2,7205.46
CUST_01852,565,45,38,0,1,4,4590.14
CUST_01853,400,34,24,0,1,3,1780.69
CUST_01854,202,10,9,0,0,2,2397.89
CUST_01855,1745,32,28,0,1,4,7889.07
CUST_01856,517,43,40,1,2,2,7488.48
CUST_01857,461,37,32,1,2,1,6686.83
CUST_01858,1345,17,8,1,2,1,1024.61
CUST_01859,373,30,26,0,0,4,1019.55
CUST_01860,647,31,29,1,0,2,1352.87
CUST_01861,807,44,40,0,1,4,2319.52
CUST_01862,567,10,8,0,2,4,1264.59
CUST_01863,54,19,16,1,1,4,660.48
CUST_01864,1419,21,19,0,1,1,2917.4
CUST_01865,229,35,35,1,0,3,6853.11
CUST_01866,1988,28,27,1,0,3,4755.57
CUST_01867,716,18,12,1,1,1,4003.5
CUST_01868,552,42,41,2,1,4,5247.16
CUST_01869,974,50,50,0,2,2,5979.0
CUST_01870,1533,44,43,0,1,2,3562.83
CUST_01871,1094,22,22,1,1,2,2890.53
CUST_01872,671,36,26,0,2,1,2348.76
CUST_01873,1733,5,0,0,2,4,16435.51
CUST_01874,230,34,25,0,1,4,5347.48
CUST_01875,749,15,9,0,1,3,4689.59
CUST_01876,425,3,0,0,3,1,3177.46
CUST_01877,146,39,39,0,0,2,6317.32
CUST_01878,1976,39,39,0,0,1,1640.28
CUST_01879,1480,8,1,1,2,2,2356.55
CUST_01880,799,43,43,0,1,2,1359.89
CUST_01881,1865,8,2,0,1,3,3474.25
CUST_01882,633,30,30,0,1,1,7391.41
CUST_01883,1338,30,24,0,3,4,2515.78
CUST_01884,1447,43,38,0,1,3,6663.47
CUST_01885,361,50,41,0,2,3,5570.45
CUST_01886,1621,4,3,0,0,4,4671.92
CUST_01887,711,4,2,0,1,3,1174.31
CUST_01888,394,29,20,1,1,4,3512.1
CUST_01889,1931,13,12,0,0,4,1737.51
CUST_01890,395,42,39,1,3,1,2053.2
CUST_01891,324,35,31,2,0,2,2587.71
CUST_01892,1287,42,33,1,2,4,9479.85
CUST_01893,1495,17,8,0,1,1,1350.21
CUST_01894,179,5,4,1,1,3,5547.86
CUST_01895,1621,29,19,1,0,4,8983.21
CUST_01896,334,42,42,0,1,1,2882.87
CUST_01897,1940,3,3,1,2,3,2507.06
CUST_01898,340,45,40,0,2,4,3764.09
CUST_01899,1206,1,1,1,0,4,7734.49
CUST_01900,923,26,17,0,2,2,2309.72
CUST_01901,36,25,22,0,1,1,3869.4
CUST_01902,1191,35,30,0,1,3,3349.43
CUST_01903,1426,20,16,0,1,1,3236.98
CUST_01904,1324,42,33,0,1,3,924.98
CUST_01905,1124,22,13,0,4,4,2338.79
CUST_01906,1587,50,44,1,4,2,2447.56
CUST_01907,391,36,26,0,1,4,5207.61
CUST_01908,1383,13,7,0,1,4,9351.21
CUST_01909,1865,7,5,0,2,4,8328.97
CUST_01910,203,41,38,0,3,2,2918.47
CUST_01911,316,3,1,1,1,1,5295.68
CUST_01912,1504,38,31,3,1,4,1574.89
CUST_01913,826,5,4,0,2,3,14083.89
CUST_01914,1053,35,32,1,3,1,3103.07
CUST_01915,105,22,12,0,1,3,3139.14
CUST_01916,1643,47,37,2,0,4,6874.06
CUST_01917,272,14,14,0,0,4,3297.82
CUST_01918,1955,44,42,0,0,2,825.84
CUST_01919,1547,38,31,0,0,1,2664.06
CUST_01920,105,48,40,1,2,4,2020.9
CUST_01921,1369,2,1,1,3,1,6210.14
CUST_01922,527,45,45,0,3,2,1495.08
CUST_01923,59,12,12,1,1,1,2860.69
CUST_01924,1882,20,11,0,2,4,2553.83
CUST_01925,1281,11,10,1,0,1,1480.41
CUST_01926,1704,7,1,1,0,4,13842.82
CUST_01927,1248,40,33,0,1,1,3625.78
CUST_01928,1677,13,9,0,1,3,5944.72
CUST_01929,1691,48,48,0,4,4,1890.39
CUST_01930,694,8,8,0,4,2,2371.66
CUST_01931,688,14,4,0,1,2,1689.12
CUST_01932,717,5,0,0,2,3,1302.48
CUST_01933,319,49,45,1,1,2,7270.39
CUST_01934,1456,24,22,1,1,2,1711.28
CUST_01935,928,16,15,0,2,1,9860.33
CUST_01936,303,7,6,0,1,2,4287.03
CUST_01937,62,32,23,0,2,1,1183.16
CUST_01938,44,12,3,0,3,3,2522.17
CUST_01939,882,45,42,0,3,2,1292.16
CUST_01940,452,10,10,0,2,3,1467.26
CUST_01941,1101,29,25,0,1,2,2717.9
CUST_01942,1951,12,11,0,1,1,4458.53
CUST_01943,1251,12,9,0,3,1,7176.55
CUST_01944,1314,20,15,2,2,4,4820.81
CUST_01945,39,36,29,0,0,2,2302.18
CUST_01946,270,34,25,0,0,3,2519.43
CUST_01947,1796,49,47,0,1,2,1840.19
CUST_01948,980,50,50,2,1,2,4135.58
CUST_01949,596,4,1,3,2,1,1580.74
CUST_01950,1661,10,10,1,1,4,3292.45
CUST_01951,1048,12,4,1,1,1,2637.92
CUST_01952,140,42,37,1,2,3,7724.23
CUST_01953,459,28,22,1,1,3,3171.7
CUST_01954,1293,49,46,0,0,1,2111.97
CUST_01955,243,48,38,0,4,2,4257.0
CUST_01956,353,2,1,0,2,1,6685.7
CUST_01957,175,16,13,0,0,3,3108.64
CUST_01958,888,13,13,0,2,3,3740.31
CUST_01959,501,50,41,0,3,3,2015.42
CUST_01960,496,7,3,0,3,4,2159.83
CUST_01961,1811,13,9,1,0,2,3152.47
CUST_01962,180,31,30,1,1,4,3731.82
CUST_01963,141,28,20,0,1,2,2067.31
CUST_01964,1930,40,37,0,2,2,1784.64
CUST_01965,823,24,16,0,0,4,1704.49
CUST_01966,1504,13,13,1,1,3,3481.08
CUST_01967,582,13,8,1,3,2,4570.41
CUST_01968,95,45,44,0,0,1,1184.54
CUST_01969,604,9,1,0,0,4,5474.8
CUST_01970,969,27,19,0,0,3,11492.72
CUST_01971,480,19,18,0,3,2,3200.96
CUST_01972,1646,41,40,1,1,2,8506.69
CUST_01973,1213,36,29,0,0,1,2288.91
CUST_01974,873,34,31,0,1,2,7641.87
CUST_01975,1241,31,28,1,2,3,838.49
CUST_01976,59,47,43,0,2,2,1532.29
CUST_01977,537,21,17,0,1,2,11475.14
CUST_01978,1856,38,30,1,1,1,1377.09
CUST_01979,885,3,0,0,4,4,3788.78
CUST_01980,1532,50,48,0,0,1,1526.99
CUST_01981,901,34,30,1,3,4,3256.91
CUST_01982,1688,45,36,0,1,4,985.86
CUST_01983,1044,16,7,0,0,1,2045.54
CUST_01984,1449,47,43,0,2,2,4131.98
CUST_01985,301,23,17,0,4,2,1608.4
CUST_01986,1356,6,0,1,2,4,3175.49
CUST_01987,1400,20,12,0,2,4,3176.56
CUST_01988,1787,37,36,0,3,1,895.54
CUST_01989,961,30,22,1,2,4,2727.32
CUST_01990,408,24,24,0,2,4,1054.51
CUST_01991,1471,41,31,2,1,1,2772.7
CUST_01992,818,45,40,1,3,1,2116.04
CUST_01993,637,28,22,1,3,2,557.1
CUST_01994,1643,44,35,0,1,3,1853.28
CUST_01995,1536,4,4,0,1,3,2902.05
CUST_01996,1848,4,0,0,2,4,5287.69
CUST_01997,778,30,29,0,3,1,2641.9
CUST_01998,778,24,16,0,1,1,1546.88
CUST_01999,1178,46,39,0,0,2,6622.15
CUST_02000,715,16,14,0,3,1,1304.84
